date,relative_daily_return,relative_cumulative_return,absolute_daily_return,portfolio_value_BoP,portfolio_value_EoP
2022-12-01,,,0.0,0.0,363.22
2022-12-02,-0.005010737294201998,-0.0050107372942019834,-1.82000000000005,363.22,361.4
2022-12-05,-0.05807969009407846,-0.06279940531909034,-20.989999999999952,361.4,340.41
2022-12-06,-0.029493845656708144,-0.09044105500798416,-10.04000000000002,340.41,330.37
2022-12-07,-0.05248660592668836,-0.13818071692087452,-17.340000000000032,330.37,313.03
2022-12-08,0.0029070696099416193,-0.1356753482737736,0.910000000000025,313.03,313.94
2022-12-09,-0.014525068484423783,-0.14822972303287274,-4.560000000000002,313.94,309.38
2022-12-12,0.014739155730816479,-0.13567534827377348,4.560000000000002,309.38,313.94
2022-12-13,-0.026151493916034847,-0.15827872914487084,-8.20999999999998,313.94,305.73
2022-12-14,-0.017924312301704177,-0.17336600407466551,-5.480000000000018,305.73,300.25
2022-12-15,-0.012156536219816744,-0.18341501018666362,-3.6499999999999773,300.25,296.6
2022-12-16,0.0031018206338501654,-0.1808821100159682,0.9199999999999591,296.6,297.52
2022-12-19,-0.006150847001882173,-0.18592037883376455,-1.829999999999984,297.52,295.69
2022-12-20,-0.030876931921945266,-0.21105665987555744,-9.129999999999995,295.69,286.56
2022-12-21,0.0032104969290899493,-0.20852375970486192,0.9200000000000159,286.56,287.48
2022-12-22,0.0031654375956587173,-0.2060183910577611,0.9099999999999682,287.48,288.39
2022-12-23,0.0,-0.2060183910577611,0.0,288.39,288.39
2022-12-27,-0.019002045840701694,-0.22110566598755554,-5.479999999999961,288.39,282.91
2022-12-28,0.009685058852638479,-0.21356202852265838,2.7399999999999523,282.91,285.65
2022-12-29,-0.012777875021879844,-0.2236110346346566,-3.6499999999999773,285.65,282.0
2022-12-30,0.029113475177304893,-0.20100765376355934,8.20999999999998,282.0,290.21
2023-01-02,0.12266979084111514,-0.10299542976708331,35.60000000000002,290.21,325.81
2023-01-03,-0.01681961879623099,-0.11808270469687798,-5.480000000000018,325.81,320.33
2023-01-04,0.014235319826429003,-0.10552832993777894,4.560000000000002,320.33,324.89
2023-01-05,-0.025270091415555973,-0.1281317108088762,-8.20999999999998,324.89,316.68
2023-01-06,0.005778704054566073,-0.12309344199107985,1.829999999999984,316.68,318.51
2023-01-09,-0.011491004991993872,-0.13316997962667254,-3.659999999999968,318.51,314.85
2023-01-10,0.0,-0.13316997962667254,0.0,314.85,314.85
2023-01-11,0.0,-0.13316997962667254,0.0,314.85,314.85
2023-01-12,0.002922026361759438,-0.13063707945597713,0.9199999999999591,314.85,315.77
2023-01-13,0.011559046141178815,-0.12058807334397881,3.650000000000034,315.77,319.42
2023-01-16,0.022853922734957142,-0.10049006111998227,7.300000000000011,319.42,326.72
2023-01-17,0.005570519098922604,-0.0954793238257804,1.8199999999999932,326.72,328.54
2023-01-18,-0.008309490473001821,-0.1029954297670832,-2.730000000000018,328.54,325.81
2023-01-19,0.0,-0.1029954297670832,0.0,325.81,325.81
2023-01-20,0.0,-0.1029954297670832,0.0,325.81,325.81
2023-01-23,0.0,-0.1029954297670832,0.0,325.81,325.81
2023-01-24,0.019581964948896583,-0.08543031771378218,6.3799999999999955,325.81,332.19
2023-01-25,0.046720250459074575,-0.04270139309509391,15.519999999999982,332.19,347.71
2023-01-26,-0.007880129993385155,-0.05024503055999108,-2.7399999999999523,347.71,344.97
2023-01-27,0.01852334985650922,-0.03265238698309558,6.389999999999986,344.97,351.36
2023-01-30,0.005208333333333288,-0.02761411816529924,1.829999999999984,351.36,353.19
2023-01-31,-0.02069707522863049,-0.04773966191289025,-7.310000000000002,353.19,345.88
2023-02-01,0.0052908523187232106,-0.04270139309509391,1.829999999999984,345.88,347.71
2023-02-02,0.002617123464956501,-0.04019602444799286,0.910000000000025,347.71,348.62
2023-02-03,0.005249268544547025,-0.03515775563019641,1.829999999999984,348.62,350.45
2023-02-06,0.0,-0.03515775563019641,0.0,350.45,350.45
2023-02-07,0.015608503352832152,-0.02009801222399621,5.470000000000027,350.45,355.92
2023-02-08,-0.10510788941335138,-0.12309344199107963,-37.410000000000025,355.92,318.51
2023-02-09,0.02577627076072976,-0.10049006111998204,8.210000000000036,318.51,326.72
2023-02-10,0.011171645445641457,-0.09044105500798394,3.6499999999999773,326.72,330.37
2023-02-13,0.0110482186639222,-0.08039204889598572,3.6499999999999773,330.37,334.02
2023-02-14,0.0027243877612119784,-0.07788668024888468,0.910000000000025,334.02,334.93
2023-02-15,-0.010897799540202532,-0.087935686360883,-3.650000000000034,334.93,331.28
2023-02-16,-0.011017870079690828,-0.09798469247288111,-3.6499999999999773,331.28,327.63
2023-02-17,0.0,-0.09798469247288111,0.0,327.63,327.63
2023-02-20,-0.008363092512895673,-0.1055283299377785,-2.740000000000009,327.63,324.89
2023-02-21,0.039336390778417406,-0.07034304278398729,12.78000000000003,324.89,337.67
2023-02-22,0.002694938845618409,-0.06783767413688646,0.9099999999999682,337.67,338.58
2023-02-23,-0.0026876956701517166,-0.07034304278398729,-0.9099999999999682,338.58,337.67
2023-02-24,0.02973317143957107,-0.04270139309509369,10.039999999999964,337.67,347.71
2023-02-27,-0.03149176037502514,-0.07284841143108833,-10.949999999999989,347.71,336.76
2023-02-28,0.09484499346715762,0.01508727492979478,31.939999999999998,336.76,368.7
2023-03-01,-0.024762679685381057,-0.010049006111997993,-9.129999999999995,368.7,359.57
2023-03-02,0.05584448090775088,0.04523429326578965,20.079999999999984,359.57,379.65
2023-03-03,-0.024048465692084804,0.020098012223996653,-9.129999999999995,379.65,370.52
2023-03-06,-0.03446507610925181,-0.015059743406199866,-12.769999999999982,370.52,357.75
2023-03-07,-0.01020265548567429,-0.02510874951819808,-3.6499999999999773,357.75,354.1
2023-03-08,-0.018045749788195547,-0.04270139309509369,-6.390000000000043,354.1,347.71
2023-03-09,-0.015760259986770473,-0.057788668024888135,-5.479999999999961,347.71,342.23
2023-03-10,-0.013324372498027648,-0.07034304278398729,-4.560000000000002,342.23,337.67
2023-03-13,0.024313679035744898,-0.04773966191288981,8.20999999999998,337.67,345.88
2023-03-14,-0.007892910836128189,-0.05525576785419262,-2.730000000000018,345.88,343.15
2023-03-15,0.0,-0.05525576785419262,0.0,343.15,343.15
2023-03-16,0.0,-0.05525576785419262,0.0,343.15,343.15
2023-03-17,0.00795570450240425,-0.0477396619128897,2.730000000000018,343.15,345.88
2023-03-20,-0.0052619405574187384,-0.05275039920709146,-1.8199999999999932,345.88,344.06
2023-03-21,0.005289775039237323,-0.047739661912889586,1.8199999999999932,344.06,345.88
2023-03-22,0.0026598820400139237,-0.04520676174219418,0.9200000000000159,345.88,346.8
2023-03-23,0.00524798154555938,-0.04019602444799242,1.8199999999999932,346.8,348.62
2023-03-24,0.013108829097584743,-0.027614118165298795,4.569999999999993,348.62,353.19
2023-03-27,-0.007757864039185733,-0.035157755630196186,-2.740000000000009,353.19,350.45
2023-03-28,-0.005221857611642129,-0.04019602444799253,-1.829999999999984,350.45,348.62
2023-03-29,0.0026102920084905288,-0.037690655800891704,0.9099999999999682,348.62,349.53
2023-03-30,0.010471204188481747,-0.027614118165298795,3.660000000000025,349.53,353.19
2023-03-31,-0.0051813471502590224,-0.03265238698309514,-1.829999999999984,353.19,351.36
2023-04-03,0.010388205828779534,-0.022603380871096812,3.6499999999999773,351.36,355.01
2023-04-04,-0.020562801047857838,-0.04270139309509324,-7.300000000000011,355.01,347.71
2023-04-05,0.010497253458341821,-0.032652386983094916,3.650000000000034,347.71,351.36
2023-04-06,-0.005208333333333449,-0.03769065580089148,-1.830000000000041,351.36,349.53
2023-04-11,0.02351729465281958,-0.015059743406199533,8.220000000000027,349.53,357.75
2023-04-12,-0.022976939203354373,-0.03769065580089159,-8.220000000000027,357.75,349.53
2023-04-13,-0.007810488370096878,-0.04520676174219429,-2.7299999999999613,349.53,346.8
2023-04-14,0.00524798154555938,-0.04019602444799253,1.8199999999999932,346.8,348.62
2023-04-17,-0.002610292008490692,-0.042701393095093576,-0.910000000000025,348.62,347.71
2023-04-18,-0.007880129993385155,-0.050245030559990744,-2.7399999999999523,347.71,344.97
2023-04-19,-0.005275821085891671,-0.05525576785419273,-1.82000000000005,344.97,343.15
2023-04-20,0.026577298557482167,-0.030147018335994424,9.120000000000005,343.15,352.27
2023-04-21,-0.018139495273511757,-0.04773966191288992,-6.389999999999986,352.27,345.88
2023-04-24,0.023765467792297986,-0.02510874951819786,8.220000000000027,345.88,354.1
2023-04-25,-0.023213781417678696,-0.04773966191288992,-8.220000000000027,354.1,345.88
2023-04-26,0.007921822597432663,-0.04019602444799253,2.740000000000009,345.88,348.62
2023-04-27,0.0,-0.04019602444799253,0.0,348.62,348.62
2023-04-28,0.0026102920084905288,-0.037690655800891704,0.9099999999999682,348.62,349.53
2023-05-02,-0.007810488370096878,-0.0452067617421944,-2.7299999999999613,349.53,2327.8
2023-05-03,-0.0025775410258613283,-0.04766778048501885,-6.0,2327.8,2321.8
2023-05-04,-0.022753897837884392,-0.06933705051558847,-52.829999999999984,2321.8,2268.9700000000003
2023-05-05,-0.006840108066655811,-0.07570288566369443,-15.520000000000039,2268.9700000000003,2253.45
2023-05-08,0.014333577403536805,-0.06245440143148917,32.30000000000001,2253.45,2285.75
2023-05-09,-0.006317401290604833,-0.06837725320588683,-14.439999999999998,2285.75,2271.31
2023-05-10,-0.012521408350247213,-0.08004248204687481,-28.439999999999998,2271.31,2242.87
2023-05-11,0.017794165511153107,-0.06367260570918731,39.90999999999997,2242.87,2282.7799999999997
2023-05-12,-0.02192064062239899,-0.0841975020243435,-50.039999999999964,2282.7799999999997,2232.74
2023-05-15,0.0036547022940422837,-0.08085051653410225,8.159999999999968,2232.74,2240.9
2023-05-16,-0.00044624927484492835,-0.08126068632457295,-1.0,2240.9,2239.9
2023-05-17,0.008143220679494623,-0.0737791893463865,18.24000000000001,2239.9,2258.14
2023-05-18,0.016934291053699067,-0.058094296558785063,38.24000000000001,2258.14,2296.38
2023-05-19,0.00492949773121173,-0.053451174530656176,11.319999999999993,2296.38,2307.7
2023-05-22,-0.015149282835723874,-0.06779071040551354,-34.95999999999998,2307.7,2272.74
2023-05-23,0.0105423409628906,-0.05796304222583437,23.95999999999998,2272.74,2296.7
2023-05-24,-0.010449775765228372,-0.06780711719713228,-24.0,2296.7,2272.7
2023-05-25,0.010648127777533326,-0.05788100826774012,24.19999999999999,2272.7,2296.9
2023-05-26,-0.004301449780138446,-0.06193348579759117,-9.879999999999995,2296.9,2287.02
2023-05-29,0.015233797693067848,-0.04764317029759024,34.84000000000003,2287.02,2321.86
2023-05-30,-0.002566907565486307,-0.05008778224879584,-5.960000000000036,2321.86,2315.9
2023-05-31,-0.030191286324970836,-0.07876685399851047,-69.91999999999996,2315.9,2245.98
2023-06-01,0.004915448935431287,-0.07423857951171342,11.039999999999964,2245.98,3013.62
2023-06-02,0.013604900418765472,-0.06164368757443539,41.0,3013.62,3054.62
2023-06-05,0.0019380479404966955,-0.05982510805568697,5.920000000000016,3054.62,3060.54
2023-06-06,0.0004051572598299676,-0.05944418937270579,1.240000000000009,3060.54,3061.7799999999997
2023-06-07,-0.01239801683987747,-0.07110521615170762,-37.960000000000036,3061.7799999999997,3023.8199999999997
2023-06-08,0.0011244055532405955,-0.07006076169837228,3.3999999999999773,3023.8199999999997,3027.2200000000003
2023-06-09,0.008258402098294804,-0.062380949541495534,25.0,3027.2200000000003,3052.2200000000003
2023-06-12,0.018190038725910986,-0.045325622703503377,55.52000000000004,3052.2200000000003,3107.74
2023-06-13,0.021211555664244763,-0.0250754940082506,65.92000000000002,3107.74,3173.66
2023-06-14,-0.0026467863602276168,-0.027655910892961266,-8.399999999999977,3173.66,3165.26
2023-06-15,-0.01641571308518099,-0.043617632479814095,-51.95999999999998,3165.26,3113.3
2023-06-16,-0.003905823402820185,-0.04735309311291902,-12.160000000000082,3113.3,3101.14
2023-06-19,1.7361261816493035e-05,-0.04733655396054992,0.03999999999996362,2303.98,2304.02
2023-06-20,-0.003379358824705441,-0.050555945583897643,-10.480000000000018,3101.18,3090.7
2023-06-21,-0.006885171643964142,-0.05709303086489381,-21.279999999999973,3090.7,3069.42
2023-06-22,-0.018635442526601095,-0.07466451949614272,-57.19999999999993,3069.42,3012.2200000000003
2023-06-23,-0.01046404313097982,-0.08434726987476104,-31.52000000000004,3012.2200000000003,2980.7
2023-06-26,0.004455329285067257,-0.08026773545128219,13.279999999999973,2980.7,2993.98
2023-06-27,-0.007201116907928558,-0.08689083501229145,-21.559999999999945,2993.98,2972.42
2023-06-28,0.006620867845055546,-0.0808452599027989,19.680000000000007,2972.42,2992.1
2023-06-29,0.006697637111059129,-0.07468909500471788,20.04000000000002,2992.1,3012.1400000000003
2023-06-30,0.006958507904679039,-0.06825031175802254,20.959999999999923,3012.1400000000003,3033.1
2023-07-03,0.01611552537008343,-0.053234676018591554,48.88000000000005,3033.1,3081.98
2023-07-04,-0.003938572399968191,-0.0569635797928717,-8.919999999999959,2264.7799999999997,2255.86
2023-07-05,0.023156072448959657,-0.035126560124547845,71.15999999999997,3073.06,3144.2200000000003
2023-07-06,-0.019909548314049296,-0.05433675449269115,-62.60000000000008,3144.2200000000003,3081.62
2023-07-07,-0.015018074908651915,-0.06853879595207879,-46.279999999999916,3081.62,3035.34
2023-07-10,0.003241811460989535,-0.06551917434532906,9.839999999999975,3035.34,3045.1800000000003
2023-07-11,0.016169815905792126,-0.05040879142700039,49.240000000000066,3045.1800000000003,3094.42
2023-07-12,0.0019131210372218248,-0.04859210850911844,5.919999999999959,3094.42,3100.34
2023-07-13,0.057180825328834874,0.005810179950696659,177.27999999999992,3100.34,3277.62
2023-07-14,0.014217633526766398,0.02011042048672662,46.60000000000008,3277.62,3324.2200000000003
2023-07-17,0.005306507992852454,0.02552364458663159,17.639999999999986,3324.2200000000003,3341.86
2023-07-18,0.005577732161131837,0.03124374080104353,18.640000000000043,3341.86,3360.5
2023-07-19,-0.005939592322571074,0.02511857339548218,-19.960000000000093,3360.5,3340.54
2023-07-20,-0.017170876564866745,0.007516388907356175,-57.35999999999996,3340.54,3283.1800000000003
2023-07-21,-0.00164474686127475,0.005859279489017766,-5.400000000000034,3283.1800000000003,3277.7799999999997
2023-07-24,0.003465760362196369,0.009345346709818125,11.360000000000014,3277.7799999999997,3289.14
2023-07-25,0.005849553378694737,0.01524956619293416,19.24000000000001,3289.14,3308.38
2023-07-26,-0.000447348853517437,0.014795395463463645,-1.4800000000000182,3308.38,3306.9
2023-07-27,0.0033868577822129624,0.018232363145942898,11.200000000000045,3306.9,3318.1
2023-07-28,0.03499593140652782,0.05386635308250498,116.11999999999995,3318.1,3434.2200000000003
2023-07-31,-0.0007687335115397177,0.053056210700206385,-2.6399999999999295,3434.2200000000003,3431.58
2023-08-01,-0.014139259466484838,0.03816677570432292,-48.52000000000004,3431.58,3383.06
2023-08-02,-0.01415286752230231,0.02347373886172388,-47.88000000000005,3383.06,3335.18
2023-08-03,-0.05152345600537302,-0.029259165295172807,-171.83999999999997,3335.18,3163.34
2023-08-04,-0.033306568373933865,-0.061591211279638736,-105.35999999999996,3163.34,3057.98
2023-08-07,0.023885048299858064,-0.0391772720360416,73.03999999999996,3057.98,3131.02
2023-08-08,-0.01969965059309746,-0.058105144058838265,-61.68000000000001,3131.02,3069.34
2023-08-09,-0.015299706125746895,-0.07251585855609077,-46.95999999999998,3069.34,3022.38
2023-08-10,-0.0026072168291214194,-0.07493401081840656,-7.8799999999999955,3022.38,3014.5
2023-08-11,0.009009786034168195,-0.06659936418839418,27.160000000000025,3014.5,3041.66
2023-08-14,0.005247134788240625,-0.06170168524086128,15.95999999999998,3041.66,3057.62
2023-08-15,-0.030392919983516595,-0.09021931084200419,-92.93,3057.62,2964.69
2023-08-16,-0.002465687812216455,-0.0924625459990509,-7.310000000000002,2964.69,2957.38
2023-08-17,-0.019855412561118276,-0.11048207656290665,-58.71999999999997,2957.38,2898.66
2023-08-18,-0.02508745420297658,-0.13279781672986146,-72.72000000000008,2898.66,2825.94
2023-08-21,0.007700092712513375,-0.12612027951818727,21.760000000000048,2825.94,2847.7
2023-08-22,0.015970783439266785,-0.11216373575040517,45.48000000000002,2847.7,2893.1800000000003
2023-08-23,-0.005488770142196474,-0.11703686492877763,-15.879999999999995,2893.1800000000003,2877.3
2023-08-24,-0.0120529663225941,-0.12767918985988325,-34.68000000000001,2877.3,2842.62
2023-08-25,0.0019981566301510404,-0.12593615624948307,5.67999999999995,2842.62,2848.3
2023-08-28,-0.001348172594178975,-0.12711454516919019,-3.839999999999975,2848.3,2844.46
2023-08-29,0.03127482896577911,-0.09981520186264026,88.96000000000004,2844.46,2933.42
2023-08-30,-0.0002454472936026983,-0.10003614978508535,-0.7200000000000273,2933.42,2932.7
2023-08-31,-0.0027551403143860555,-0.10251567647030257,-8.079999999999984,2932.7,2924.62
2023-09-01,0.006113614760208182,-0.09702880306291606,17.880000000000052,2924.62,2942.5
2023-09-04,-0.011432975785214216,-0.10735245089224366,-24.920000000000016,2179.66,2154.74
2023-09-05,-0.0075267858979016986,-0.11407121787666441,-21.960000000000036,2917.58,2895.62
2023-09-06,-0.013219966708338792,-0.12578316688229407,-38.27999999999997,2895.62,2857.34
2023-09-07,-0.029999930004829693,-0.15200961068486918,-85.72000000000008,2857.34,2771.62
2023-09-08,0.0004040957995685056,-0.15166694133047243,1.1200000000000614,2771.62,2772.74
2023-09-11,-0.008078651442255688,-0.15852032841840624,-22.400000000000034,2772.74,2750.34
2023-09-12,-0.0041885730491502595,-0.16204492749220067,-11.519999999999925,2750.34,2738.82
2023-09-13,-0.006075609203963745,-0.16713601504323716,-16.639999999999986,2738.82,2722.1800000000003
2023-09-14,0.019234584046609663,-0.15111622272519198,52.3599999999999,2722.1800000000003,2774.54
2023-09-15,-0.011547860185832594,-0.16091901389918295,-32.039999999999964,2774.54,2742.5
2023-09-18,-0.0066216955332725706,-0.1664751527169006,-18.160000000000025,2742.5,2724.34
2023-09-19,-0.02526850539947289,-0.18753707982106838,-68.83999999999997,2724.34,2655.5
2023-09-20,0.005226887591790643,-0.18329042746479507,13.880000000000052,2655.5,2669.38
2023-09-21,-0.016093624736830268,-0.19643424484415373,-42.95999999999998,2669.38,2626.42
2023-09-22,-0.006015793361305551,-0.20126833037939273,-15.800000000000125,2626.42,2610.62
2023-09-25,-0.008672269422589222,-0.20819514661469718,-22.639999999999873,2610.62,2587.98
2023-09-26,-0.014497793646009666,-0.2196745699869862,-37.520000000000095,2587.98,2550.46
2023-09-27,-0.00040776957882106117,-0.219992762958926,-1.0399999999999636,2550.46,2549.42
2023-09-28,0.006668183351507379,-0.2147915316868334,16.999999999999943,2549.42,2566.42
2023-09-29,0.015320952922748439,-0.20276138970926394,39.32000000000005,2566.42,2605.74
2023-10-02,0.006631513504800951,-0.19747449109857218,17.28000000000003,2605.74,2623.02
2023-10-03,-0.0035074074921273906,-0.20028927508111638,-9.199999999999989,2623.02,2613.82
2023-10-04,-0.010957143185070142,-0.20905182000068878,-28.640000000000043,2613.82,2585.1800000000003
2023-10-05,0.013089997601714377,-0.19869831022141737,33.839999999999975,2585.1800000000003,2619.02
2023-10-06,-0.014356515032340329,-0.21020220997616335,-37.599999999999966,2619.02,2581.42
2023-10-09,-0.00026342090787241396,-0.21041025922704704,-0.6800000000000068,2581.42,2580.74
2023-10-10,-0.0021854196858265627,-0.21213584419025888,-5.640000000000043,2580.74,2575.1
2023-10-11,0.0313774222360297,-0.1874146979087835,80.80000000000007,2575.1,2655.9
2023-10-12,0.020309499604653766,-0.17091149703721453,53.93999999999994,2655.9,2709.84
2023-10-13,-0.01252472470699377,-0.181295602294557,-33.94,2709.84,2675.9
2023-10-16,-0.016562651818079897,-0.19485551817568303,-44.31999999999999,2675.9,2631.58
2023-10-17,-0.004058398376640652,-0.1981231152336801,-10.680000000000007,2631.58,2620.9
2023-10-18,-0.01054599565034909,-0.20657970537254122,-27.63999999999993,2620.9,2593.26
2023-10-19,-0.026329793387473693,-0.22747029779951067,-68.28000000000003,2593.26,2524.98
2023-10-20,0.0019643719950256724,-0.2259527620871824,4.959999999999923,2524.98,2529.94
2023-10-23,-0.023542060286014667,-0.24417542882634913,-59.559999999999945,2529.94,2470.38
2023-10-24,0.009569377990430616,-0.2369426578103333,23.639999999999986,2470.38,2494.02
2023-10-25,-0.01995172452506395,-0.252166967698529,-49.75999999999999,2494.02,2444.26
2023-10-26,-0.010211679608552272,-0.25980359902508376,-24.95999999999998,2444.26,2419.3
2023-10-27,0.010813045095688797,-0.2517998219616755,26.15999999999991,2419.3,2445.46
2023-10-30,-0.0030423723961953515,-0.2540761255301677,-7.439999999999884,2445.46,2438.02
2023-10-31,0.023227865234903732,-0.23674990629848514,56.629999999999995,2438.02,2494.65
2023-11-01,-0.01173310885294534,-0.2457052027299057,-29.270000000000095,2494.65,2465.38
2023-11-02,0.10129067324307006,-0.16930217489067279,249.72000000000008,2465.38,2715.1
2023-11-03,0.06536775809362455,-0.11500132041002631,177.48000000000002,2715.1,2892.58
2023-11-06,-0.004383629839105576,-0.11888082702944591,-12.680000000000007,2892.58,2879.9
2023-11-07,0.014278273551164932,-0.10629996644659623,41.11999999999989,2879.9,2921.02
2023-11-08,-0.004258786314369599,-0.11010604391864509,-12.439999999999884,2921.02,2908.58
2023-11-09,-0.0002062862290189793,-0.11028961678707194,-0.6000000000000227,2908.58,2907.98
2023-11-10,0.0005467712982895257,-0.10980314868574081,1.589999999999975,2907.98,2909.5699999999997
2023-11-13,-0.0007148822678265315,-0.11043953462962042,-2.080000000000041,2909.5699999999997,2907.49
2023-11-14,0.008337088003742063,-0.10302319074517774,24.24000000000001,2907.49,2931.73
2023-11-15,0.04113612099340663,-0.06612504419139154,120.60000000000002,2931.73,3052.33
2023-11-16,-0.017796240904489335,-0.08274450787963095,-54.319999999999936,3052.33,2998.01
2023-11-17,0.007605044679637477,-0.07576873887941271,22.799999999999955,2998.01,3020.81
2023-11-20,-0.007017985242368765,-0.08225498023049282,-21.19999999999999,3020.81,2999.61
2023-11-21,-0.009187861088608204,-0.09068709398689712,-27.56000000000006,2999.61,2972.05
2023-11-22,-0.0015612119580760517,-0.09210672416939758,-4.6399999999999295,2972.05,2967.41
2023-11-23,0.009217354113113347,-0.08373835034915245,21.120000000000005,2291.33,2312.45
2023-11-24,-0.012956202547740873,-0.09560962186875599,-38.72000000000003,2988.5299999999997,2949.81
2023-11-27,0.020557256230062253,-0.07701783713350918,60.63999999999993,2949.81,3010.45
2023-11-28,0.018508860801541308,-0.05993448875870777,55.72000000000003,3010.45,3066.17
2023-11-29,0.013371730856410441,-0.047364185754995236,41.0,3066.17,3107.17
2023-11-30,-0.007234879327490901,-0.054256390914103836,-22.479999999999905,3107.17,3084.69
2023-12-01,0.01482158660999968,-0.0402389701011836,45.719999999999914,3084.69,3130.41
2023-12-04,0.02427796997837346,-0.016937920630887282,76.00000000000006,3130.41,3206.41
2023-12-05,-0.00298152762747124,-0.019868947380045632,-9.56000000000006,3206.41,3196.85
2023-12-06,0.003515961024133152,-0.016422844800491276,11.240000000000066,3196.85,3208.09
2023-12-07,-0.019687726965265943,-0.035787243281332315,-63.160000000000025,3208.09,3144.9300000000003
2023-12-08,-0.0035740064166770035,-0.03923334586088667,-11.240000000000009,3144.9300000000003,3133.69
2023-12-11,0.004927098723868665,-0.03449955370534219,15.439999999999998,3133.69,3149.13
2023-12-12,-0.004623499188664825,-0.03896354423544102,-14.56000000000006,3149.13,3134.5699999999997
2023-12-13,0.006725005343635664,-0.032500568934995755,21.08000000000004,3134.5699999999997,3155.65
2023-12-14,0.021966948172325845,-0.011247559076036029,69.32000000000005,3155.65,3224.9700000000003
2023-12-15,-0.009910169707005036,-0.02104626356380801,-31.960000000000036,3224.9700000000003,3193.01
2023-12-18,-0.021935415172517472,-0.04252002020722312,-70.04000000000002,3193.01,3122.9700000000003
2023-12-19,0.03086805188650548,-0.012964478510689492,96.40000000000003,3122.9700000000003,3219.37
2023-12-20,-0.004721420650624187,-0.017624688404748734,-15.199999999999989,3219.37,3204.17
2023-12-21,-0.002933677052091486,-0.020506660312916924,-9.399999999999977,3204.17,3194.77
2023-12-22,0.011093130334891087,-0.009641013033610313,35.44,3194.77,3230.21
2023-12-26,0.01164294954721861,0.0018896866852737837,8.639999999999986,742.08,750.72
2023-12-27,0.02227951279003349,0.024211300773981037,72.15999999999997,3238.85,3311.01
2023-12-28,-0.007949236033717789,0.016069603395727494,-26.319999999999936,3311.01,3284.69
2023-12-29,-0.005565213155579396,0.010414959471925167,-18.280000000000086,3284.69,3266.41
2024-01-02,-0.00491058991369729,0.005453225963293562,-16.039999999999964,3266.41,3250.37
2024-01-03,-0.040807661896953284,-0.03557696933501753,-132.64000000000004,3250.37,3117.73
2024-01-04,-0.017666699810439,-0.05261514150804958,-55.079999999999984,3117.73,3062.65
2024-01-05,0.009534226895009257,-0.0435825593102912,29.200000000000102,3062.65,3091.8500000000004
2024-01-08,0.014839012241861647,-0.029390269199566665,45.87999999999994,3091.8500000000004,3137.73
2024-01-09,-0.002779079143202242,-0.03208767045862326,-8.71999999999997,3137.73,3129.01
2024-01-10,-0.02708844011364618,-0.05830690563266461,-84.76000000000005,3129.01,3044.25
2024-01-11,0.005544879691221171,-0.05308533071834387,16.880000000000052,3044.25,3061.13
2024-01-12,0.004795614691306789,-0.04854429281892281,14.67999999999995,3061.13,3075.81
2024-01-15,-0.008242988979482122,-0.05638713172768184,-19.319999999999993,2343.81,2324.49
2024-01-16,-0.0029183802335358586,-0.05914095287055787,-8.920000000000016,3056.49,3047.5699999999997
2024-01-17,-0.02340225162998719,-0.08115917303983111,-71.32000000000005,3047.5699999999997,2976.25
2024-01-18,0.033142377152456985,-0.05070660380964165,98.6400000000001,2976.25,3074.8900000000003
2024-01-19,0.04260315003138323,-0.010263714827942416,131.0,3074.8900000000003,3205.8900000000003
2024-01-22,0.01781720520666646,0.0073706196654519385,57.11999999999995,3205.8900000000003,3263.01
2024-01-23,0.0019858964575652596,0.009371153410500765,6.480000000000018,3263.01,3269.49
2024-01-24,0.03814662225607053,0.04787525351582533,124.72000000000003,3269.49,3394.21
2024-01-25,0.011183751152698249,0.05959442959021688,37.95999999999992,3394.21,3432.17
2024-01-26,-0.007913360934918715,0.05120947642424012,-27.159999999999968,3432.17,3405.01
2024-01-29,-0.0002819374979809103,0.05091310105460334,-0.9599999999999795,3405.01,3404.05
2024-01-30,-0.008037484760799655,0.04246640301995219,-27.36000000000007,3404.05,3376.69
2024-01-31,-0.01875209154527063,0.022917977597653127,-63.31999999999988,3376.69,3313.37
2024-02-01,-0.007255452907462818,0.015496244382996238,-24.040000000000077,3313.37,3289.33
2024-02-02,0.03310096585018833,0.049110150889312365,108.88,3289.33,3398.21
2024-02-05,-0.0025189732241385743,0.04646747051005029,-8.559999999999945,3398.21,3389.65
2024-02-06,-0.0005074270204888491,0.04593646463945089,-1.7200000000000273,3389.65,3387.9300000000003
2024-02-07,0.004876133804417441,0.05103659079195211,16.519999999999982,3387.9300000000003,3404.45
2024-02-08,-0.02492032486892157,0.02484441750029287,-84.84000000000003,3404.45,3319.6099999999997
2024-02-09,0.03708869415383133,0.06285455865622258,123.12,3319.6099999999997,3442.73
2024-02-12,0.006901499681938492,0.07018984905473546,23.760000000000105,3442.73,3466.49
2024-02-13,-0.04946790557595726,0.017249798653347748,-171.48000000000008,3466.49,3295.01
2024-02-14,0.014968088108989062,0.032476083268442535,49.32000000000005,3295.01,3344.33
2024-02-15,0.005226756928891576,0.03787258479058053,17.47999999999996,3344.33,3361.81
2024-02-16,0.014753956945811919,0.053185312221819325,49.599999999999966,3361.81,3411.41
2024-02-19,-0.01548637354583916,0.036875291063761084,-41.84000000000003,2701.73,2659.89
2024-02-20,-0.022139323415153855,0.013919573653718542,-74.59999999999997,3369.5699999999997,3294.9700000000003
2024-02-21,0.004649511224684896,0.01863380409234927,15.319999999999993,3294.9700000000003,3310.29
2024-02-22,0.04177277519492253,0.06118496499664783,138.2800000000001,3310.29,3448.57
2024-02-23,-0.020472253716757982,0.03946011715282749,-70.60000000000008,3448.57,3377.9700000000003
2024-02-26,-0.005577314185738747,0.03366272149592131,-18.839999999999918,3377.9700000000003,3359.13
2024-02-27,0.04890552017933212,0.0842145345806633,164.27999999999992,3359.13,3523.41
2024-02-28,-0.00030652123936754,0.08388219979778322,-1.079999999999984,3523.41,3522.33
2024-02-29,-0.007710805063693626,0.07552459544313517,-27.159999999999968,3522.33,3495.17
2024-03-01,0.006088401994752767,0.08207282153543671,21.28000000000003,3495.17,3516.45
2024-03-04,0.01296762359766239,0.09610473459036872,45.59999999999991,3516.45,3562.05
2024-03-05,-0.019797588467315164,0.07440450413787292,-70.51999999999998,3562.05,3491.5299999999997
2024-03-06,0.00855785286106667,0.08359909979755198,29.88000000000011,3491.5299999999997,3521.41
2024-03-07,0.02428572645616383,0.1099150911233806,85.51999999999987,3521.41,3606.93
2024-03-08,-0.019883945626890435,0.08784559980101814,-71.71999999999991,3606.93,3535.21
2024-03-11,-0.003880957566877223,0.08362371718887629,-13.720000000000027,3535.21,3521.49
2024-03-12,-0.002396712755112166,0.08102658240414762,-8.43999999999994,3521.49,3513.05
2024-03-13,0.0037574187671681105,0.08508845197268045,13.199999999999932,3513.05,3526.25
2024-03-14,-0.006136830911024456,0.07842944761941872,-21.639999999999986,3526.25,3504.61
2024-03-15,-0.00987271051557806,0.06778242587159755,-34.60000000000002,3504.61,3470.01
2024-03-18,0.01807199402883566,0.0870793834960446,62.710000000000036,3470.01,3532.7200000000003
2024-03-19,0.002649516519848732,0.08995961828100452,9.360000000000014,3532.7200000000003,3542.08
2024-03-20,-0.040495979763302936,0.04582063563627958,-143.44000000000005,3542.08,3398.64
2024-03-21,0.010098156909822735,0.05638149651446511,34.319999999999936,3398.64,3432.96
2024-03-22,-0.0176174496644295,0.03777074867318686,-60.479999999999905,3432.96,3372.48
2024-03-25,0.027908245564095265,0.06673310956639322,94.12,3372.48,3466.6
2024-03-26,-0.012819477297640356,0.05305814868566561,-44.440000000000055,3466.6,3422.16
2024-03-27,-0.0026649835191808365,0.050251766074679294,-9.11999999999989,3422.16,3413.04
2024-03-28,-0.0017462438178281053,0.04841777042100848,-5.960000000000036,3413.04,3407.08
2024-04-01,-0.029258098223615442,0.017743060314646675,-23.519999999999982,803.88,780.36
2024-04-02,-0.002742673397250259,0.01495172349788576,-9.280000000000086,3383.56,3374.2799999999997
2024-04-03,0.00916343634790239,0.024252169012352276,30.920000000000073,3374.2799999999997,3405.2
2024-04-04,0.013602725243744843,0.03818478984773721,46.319999999999936,3405.2,3451.52
2024-04-05,-0.006110351381420369,0.0318411159829215,-21.090000000000032,3451.52,3430.43
2024-04-08,0.004069460679856472,0.03604015283227313,13.960000000000036,3430.43,3444.39
2024-04-09,0.008431101007725596,0.04477511200886153,29.039999999999964,3444.39,3473.43
2024-04-10,0.008740639655902094,0.0539071147843857,30.360000000000014,3473.43,3503.79
2024-04-11,0.0023403229074801988,0.05637359774747175,8.200000000000045,3503.79,3511.99
2024-04-12,-0.04378144584694148,0.01012403428355202,-153.76,3511.99,3358.23
2024-04-15,0.01677073934781118,0.027064561171480817,56.319999999999936,3358.23,3414.55
2024-04-16,0.01083598131525384,0.03819381356589435,37.0,3414.55,3451.55
2024-04-17,-0.006072634033984709,0.03188924247976166,-20.959999999999923,3451.55,3430.59
2024-04-18,-0.0022037025701118307,0.029615265504038257,-7.559999999999945,3430.59,3423.03
2024-04-19,-0.008051346321826,0.021325476423226464,-27.56000000000006,3423.03,3395.4700000000003
2024-04-22,0.0033338536344011097,0.024730426074706546,11.319999999999936,3395.4700000000003,3406.79
2024-04-23,0.025478529642273214,0.050839050610790304,86.79999999999995,3406.79,3493.59
2024-04-24,0.017368952853654886,0.06909102453762861,60.68000000000018,3493.59,3554.27
2024-04-25,-0.03700337903423209,0.029531044134567086,-131.5200000000001,3554.27,3422.75
2024-04-26,0.019084069826893563,0.049178686469785626,65.31999999999994,3422.75,3488.0699999999997
2024-04-29,0.01287818191722072,0.06269020045781426,44.92000000000007,3488.0699999999997,3532.99
2024-04-30,0.0074611023523983655,0.07061904081232062,26.3599999999999,3532.99,3559.35
2024-05-01,-0.02620730270906951,0.04256100352365855,-21.360000000000014,815.04,793.68
2024-05-02,-0.004635400326173863,0.03772831590786896,-16.399999999999864,3537.99,3521.59
2024-05-03,-0.009245823619444642,0.028133662934081594,-32.56000000000006,3521.59,3489.0299999999997
2024-05-06,0.036010008512394595,0.06515676488821742,125.6400000000001,3489.0299999999997,3614.67
2024-05-07,0.01122094133074387,0.077108826455073,40.559999999999945,3614.67,3655.23
2024-05-08,-0.0031790065194255914,0.07368469047364146,-11.620000000000005,3655.23,3643.61
2024-05-09,-0.01257818482219558,0.06017968599610213,-45.83000000000004,3643.61,3597.7799999999997
2024-05-10,0.016579668573398036,0.07775711381816675,59.64999999999998,3597.7799999999997,3657.43
2024-05-13,-0.020867111605690318,0.055267435840296475,-76.31999999999994,3657.43,3581.11
2024-05-14,0.025143042241092865,0.08180006955527874,90.04000000000008,3581.11,3671.15
2024-05-15,-0.02813832177927902,0.05136003109728593,-103.30000000000018,3671.15,3567.85
2024-05-16,-0.008719536976049973,0.04219265843099218,-31.1099999999999,3567.85,3536.74
2024-05-17,0.007371194942234922,0.049874863683653015,26.069999999999936,3536.74,3562.81
2024-05-20,0.014146137458915882,0.06472653781998239,50.40000000000009,3562.81,3613.21
2024-05-21,-0.02157638221968832,0.041753591080533115,-77.96000000000004,3613.21,3535.25
2024-05-22,-0.006146665723781916,0.03535027998961171,-21.730000000000018,3535.25,3513.52
2024-05-23,0.001556843279673953,0.036962158115122046,5.470000000000027,3513.52,3518.99
2024-05-24,-0.01680880025234516,0.019532068330124108,-59.15000000000009,3518.99,3459.84
2024-05-27,0.01721957531909889,0.037087977570971375,46.84000000000003,2720.16,2767.0
2024-05-28,0.0012747099820913307,0.038409963968288,4.470000000000027,3506.68,3511.15
2024-05-29,-0.007208464463210044,0.030924622644779465,-25.309999999999945,3511.15,3485.84
2024-05-30,-0.006448947742868295,0.024276243626507155,-22.480000000000018,3485.84,3463.36
2024-05-31,-0.011202993624688183,0.012801283399239916,-38.80000000000007,3463.36,3424.56
2024-06-03,-0.0006336580465811547,0.012159513716426318,-2.169999999999959,3424.56,3422.39
2024-06-04,-0.007965193914194464,0.004097466917578174,-27.25999999999999,3422.39,3395.13
2024-06-05,0.012947957810157501,0.01709847855651292,43.960000000000036,3395.13,3439.09
2024-06-06,0.03204336030752319,0.049689731573132834,110.19999999999993,3439.09,3549.29
2024-06-07,0.010176683223968738,0.06037209145480538,36.120000000000005,3549.29,3585.41
2024-06-10,-0.015476612158721011,0.043961123851427475,-55.489999999999895,3585.41,3529.92
2024-06-11,-0.0075894071253739676,0.03603807785945601,-26.790000000000077,3529.92,3503.13
2024-06-12,0.003017301670220613,0.03916411728219349,10.569999999999936,3503.13,3513.7
2024-06-13,-0.02356205709081594,0.014679273024063022,-82.78999999999996,3513.7,3430.91
2024-06-14,-0.04900449151974258,-0.03504456880610329,-168.13,3430.91,3262.7799999999997
2024-06-17,0.00515817799545171,-0.030067156934327377,16.829999999999927,3262.7799999999997,3279.6099999999997
2024-06-18,0.0025521327230982097,-0.027591759586331865,8.370000000000118,3279.6099999999997,3287.98
2024-06-19,-0.017451736253849076,-0.0445619717291007,-45.0,2578.54,2533.54
2024-06-20,0.01329024539158429,-0.03186396587692908,43.10000000000002,3242.98,3286.08
2024-06-21,-0.03626509397214917,-0.06697351013222608,-119.16999999999996,3286.08,3166.91
2024-06-24,0.005068031614412773,-0.06224490238449165,16.049999999999955,3166.91,3182.96
2024-06-25,0.007291954658556826,-0.05540683473184882,23.210000000000036,3182.96,3206.17
2024-06-26,0.006050833237164585,-0.0496912590118459,19.399999999999977,3206.17,3225.57
2024-06-27,-0.02087072982449615,-0.06952489599486678,-67.32000000000005,3225.57,3158.25
2024-06-28,0.009156969840892886,-0.06100456352979011,28.91999999999996,3158.25,3187.17
2024-07-01,-0.007028178603588757,-0.0676039911652575,-22.399999999999977,3187.17,3164.77
2024-07-02,-0.002597345146724731,-0.07002574541362994,-8.220000000000027,3164.77,3156.55
2024-07-03,-0.0009377326511539612,-0.0708978126368881,-2.9600000000000364,3156.55,3153.59
2024-07-04,0.01806055186614768,-0.05411771439306545,44.030000000000086,2437.91,2481.94
2024-07-05,0.02864630568985684,-0.027021681292948685,91.60000000000002,3197.62,3289.2200000000003
2024-07-08,-0.05820224855740872,-0.08365120723930619,-191.43999999999994,3289.2200000000003,3097.78
2024-07-09,-0.011088586019665739,-0.09381221965185005,-34.350000000000136,3097.78,3063.43
2024-07-10,0.015955970921483435,-0.07935311377921139,48.879999999999995,3063.43,3112.31
2024-07-11,0.004453283895241802,-0.07525321182759981,13.860000000000014,3112.31,3126.17
2024-07-12,0.020805010604029877,-0.0560138450936305,65.04000000000008,3126.17,3191.21
2024-07-15,0.0024880844569927837,-0.053665127813991576,7.939999999999941,3191.21,3199.15
2024-07-16,0.015179031930356518,-0.03930068057227043,48.56000000000006,3199.15,3247.71
2024-07-17,-0.02297618937651453,-0.06137389006933058,-74.62,3247.71,3173.09
2024-07-18,-0.00561912835753163,-0.06664815066076157,-17.83000000000004,3173.09,3155.26
2024-07-19,-0.010804180954976742,-0.07673225293568486,-34.08999999999992,3155.26,3121.17
2024-07-22,0.029104470438969975,-0.049861034083997,90.83999999999992,3121.17,3212.01
2024-07-23,-0.007677435624422115,-0.057155664829072084,-24.660000000000082,3212.01,3187.35
2024-07-24,-0.03404395500964748,-0.08925381495673212,-108.50999999999988,3187.35,3078.84
2024-07-25,-0.019133829624144182,-0.1066798772921893,-58.91000000000008,3078.84,3019.93
2024-07-26,0.013129443397694679,-0.09495108130507535,39.65000000000009,3019.93,3059.58
2024-07-29,0.011949352525510019,-0.084136332722758,36.559999999999945,3059.58,3096.14
2024-07-30,0.025651294838088704,-0.060643243761936305,79.41999999999996,3096.14,3175.56
2024-07-31,0.016063308518812464,-0.045554066377253455,51.010000000000105,3175.56,3226.57
2024-08-01,0.009307097010137726,-0.03667094548209515,30.030000000000086,3226.57,3256.6000000000004
2024-08-02,-0.06290302769759876,-0.09726725968033656,-204.85000000000014,3256.6000000000004,3051.75
2024-08-05,-0.03827312197919229,-0.13181765996520156,-116.80000000000007,3051.75,2934.95
2024-08-06,0.03389495562104977,-0.10239065807874292,99.48000000000002,2934.95,3034.43
2024-08-07,0.013729102335529271,-0.09006728756617888,41.66000000000008,3034.43,3076.09
2024-08-08,0.005594764782564891,-0.08497642807215033,17.210000000000036,3076.09,3093.3
2024-08-09,0.0042575889826398485,-0.08108063379345443,13.169999999999845,3093.3,3106.47
2024-08-12,-0.007339520420284102,-0.08782506124632183,-22.799999999999955,3106.47,3083.67
2024-08-13,-0.0035963640726796053,-0.09110557442405431,-11.089999999999918,3083.67,3072.58
2024-08-14,0.07841292985048391,-0.01983649958987188,240.92999999999984,3072.58,3313.5099999999998
2024-08-15,0.00772594620206368,-0.012263809116476954,25.600000000000023,3313.5099999999998,3339.1099999999997
2024-08-16,-0.006501732497581634,-0.01868580560778188,-21.70999999999981,3339.1099999999997,3317.4
2024-08-19,-0.0025200458190148952,-0.02115876234049996,-8.360000000000014,3317.4,3309.04
2024-08-20,0.002021734400309403,-0.019179805337882216,6.689999999999827,3309.04,3315.73
2024-08-21,-0.006381701767031685,-0.025439107307297815,-21.159999999999968,3315.73,3294.5699999999997
2024-08-22,-0.006665513253626399,-0.03193505585400702,-21.959999999999923,3294.5699999999997,3272.61
2024-08-23,-0.002682873914093059,-0.034532252039804257,-8.780000000000086,3272.61,3263.83
2024-08-26,0.0060664924337358464,-0.02867524925178766,19.800000000000068,3263.83,3283.63
2024-08-27,-0.004656432058423136,-0.033198156960311476,-15.289999999999964,3283.63,3268.34
2024-08-28,0.0016369165998641234,-0.031615582974660494,5.349999999999909,3268.34,3273.69
2024-08-29,0.02636474437103087,-0.006084375366897654,86.31000000000006,3273.69,3360.0
2024-08-30,-0.0106934523809524,-0.016712764769596378,-35.930000000000064,3360.0,3324.0699999999997
2024-09-02,-0.007487036184625912,-0.02407467187964718,-18.379999999999995,2454.91,2436.5299999999997
2024-09-03,-0.0024503205079725895,-0.026466001725390376,-8.099999999999909,3305.69,3297.59
2024-09-04,-0.03716350425613856,-0.06264593661376439,-122.54999999999995,3297.59,3175.04
2024-09-05,-0.019035980649062707,-0.08048939042570513,-60.440000000000055,3175.04,3114.6
2024-09-06,-0.05624799332177489,-0.13221001705234126,-175.19000000000005,3114.6,2939.41
2024-09-09,0.004075647834089199,-0.1286732106878964,11.980000000000132,2939.41,2951.3900000000003
2024-09-10,0.005028139283524006,-0.1242920582297693,14.839999999999918,2951.3900000000003,2966.23
2024-09-11,-0.002589145143835761,-0.12655939319462217,-7.67999999999995,2966.23,2958.55
2024-09-12,-0.004096601375673896,-0.13013753118603055,-12.120000000000005,2958.55,2946.4300000000003
2024-09-13,-0.0010215752622665362,-0.13102616116574495,-3.009999999999991,2946.4300000000003,2943.42
2024-09-16,-0.02482146618559365,-0.15259536592253498,-73.06000000000006,2943.42,2870.36
2024-09-17,-0.0007664543820287508,-0.15324486291767514,-2.2000000000000455,2870.36,2868.16
2024-09-18,-0.0002510320205288107,-0.15345742557063002,-0.7199999999999136,2868.16,2867.44
2024-09-19,0.05342396004798703,-0.10823176889539521,153.18999999999994,2867.44,3020.63
2024-09-20,-0.008892184742917872,-0.11616153675424246,-26.860000000000014,3020.63,2993.77
2024-09-23,0.0005678458933050741,-0.11565965271254319,1.6999999999999318,2993.77,2995.47
2024-09-24,0.031844752242552954,-0.08749805345508099,95.3900000000001,2995.47,3090.86
2024-09-25,-0.016289964605320173,-0.10236267786658348,-50.34999999999991,3090.86,3040.51
2024-09-26,0.039927512160788804,-0.06652225277112367,121.39999999999998,3040.51,3161.91
2024-09-27,-0.01364997738708568,-0.07926420291214553,-43.16000000000008,3161.91,3118.75
2024-09-30,0.02910460921843687,-0.05246654734447753,90.76999999999998,3118.75,3209.52
2024-10-01,0.01202672050649319,-0.041070827338837046,38.60000000000002,3209.52,3248.12
2024-10-02,0.012293265027154153,-0.029282456877043783,39.92999999999995,3248.12,3288.05
2024-10-03,-0.00978695579446783,-0.03878282656050258,-32.17999999999995,3288.05,3255.87
2024-10-04,0.01429725388298675,-0.02504006059515107,46.55000000000007,3255.87,3302.42
2024-10-07,-0.022516820997934853,-0.04699305903088746,-74.36000000000001,3302.42,3228.06
2024-10-08,0.002190169947274814,-0.04490581186923259,7.069999999999936,3228.06,3235.13
2024-10-09,0.01061472027399209,-0.03476775422690892,34.34000000000003,3235.13,3269.4700000000003
2024-10-10,0.004153578408732891,-0.030758586411453015,13.579999999999927,3269.4700000000003,3283.05
2024-10-11,0.015625713894092404,-0.015613497388412556,51.30000000000007,3283.05,3334.35
2024-10-14,0.021542429558984524,0.005592579502912809,71.83000000000004,3334.35,3406.1800000000003
2024-10-15,-0.04191792565278408,-0.036559775481681656,-142.7800000000001,3406.1800000000003,3263.3999999999996
2024-10-16,0.012536005393148277,-0.024482083631144014,40.91000000000008,3263.3999999999996,3304.3100000000004
2024-10-17,0.02098774025439499,-0.004008166988885842,69.34999999999991,3304.3100000000004,3373.66
2024-10-18,0.019317299312912376,0.015231705362606096,65.16999999999996,3373.66,3438.83
2024-10-21,-0.014060014597988243,0.0009575327648674303,-48.34999999999991,3438.83,3390.48
2024-10-22,-0.004530331988391028,-0.0035771371648382067,-15.360000000000014,3390.48,3375.12
2024-10-23,-0.010918130318329429,-0.014456211833435373,-36.85000000000002,3375.12,3338.27
2024-10-24,-0.0008058066004247532,-0.01525036952294756,-2.689999999999941,3338.27,3335.58
2024-10-25,-0.009026915858711267,-0.02413962157916094,-30.110000000000127,3335.58,3305.4700000000003
2024-10-28,-0.002011816776434172,-0.02610287385992538,-6.649999999999864,3305.4700000000003,3298.8199999999997
2024-10-29,-0.02347809216628978,-0.04896812034792686,-77.45000000000005,3298.8199999999997,3221.37
2024-10-30,-0.001170309526692054,-0.05008112201687154,-3.769999999999982,3221.37,3217.6
2024-10-31,-0.01657446544007954,-0.06582551963088201,-53.32999999999993,3217.6,3164.27
2024-11-01,-0.01372828488087305,-0.07865013302583079,-43.44000000000017,3164.27,3120.83
2024-11-04,0.0024224324939198694,-0.07641822516980379,7.559999999999945,3120.83,3128.39
2024-11-05,0.019112067229469534,-0.058766668197336225,59.79000000000019,3128.39,3188.1800000000003
2024-11-06,0.020522680651657042,-0.039450037110055125,65.42999999999995,3188.1800000000003,3253.61
2024-11-07,0.024210031319057936,-0.016195092424969748,78.7700000000001,3253.61,3332.38
2024-11-08,-0.016195631950737952,-0.03212843461938464,-53.97000000000014,3332.38,3278.41
2024-11-11,0.029361794284424494,-0.003709988822935162,96.2600000000001,3278.41,3374.67
2024-11-12,-0.005161986209021941,-0.00885282412081756,-17.420000000000073,3374.67,3357.25
2024-11-13,-0.004655596097996837,-0.013467205045381236,-15.629999999999882,3357.25,3341.62
2024-11-14,0.004539714270323928,-0.008988628037983282,15.169999999999845,3341.62,3356.79
2024-11-15,0.017886135266132218,0.008736735411204455,60.039999999999964,3356.79,3416.83
2024-11-18,-0.04547197255936054,-0.03713251374103277,-155.3699999999999,3416.83,3261.46
2024-11-19,0.009845284013907886,-0.027652809871055783,32.110000000000014,3261.46,3293.5699999999997
2024-11-20,0.005456085645667173,-0.022347600324388428,17.970000000000027,3293.5699999999997,3311.54
2024-11-21,-0.009962132421773559,-0.03208710299242157,-32.99000000000001,3311.54,3278.55
2024-11-22,0.06722484024950053,0.0329806868843443,220.39999999999998,3278.55,3498.95
2024-11-25,-0.0027179582446162395,0.03017308850989764,-9.509999999999991,3498.95,3489.44
2024-11-26,-0.007680315466092032,0.022261034205463215,-26.800000000000182,3489.44,3462.64
2024-11-27,-0.003367372871566162,0.018818700131220556,-11.659999999999854,3462.64,3450.98
2024-11-28,-0.005667166914026579,0.013044884502445342,-13.670000000000073,2412.1400000000003,2398.4700000000003
2024-11-29,0.0016029976929633903,0.01466879311517122,5.509999999999991,3437.31,3442.8199999999997
2024-12-02,0.0001829895260280473,0.014854466876699002,0.6299999999998818,3442.8199999999997,3443.45
2024-12-03,0.023575193483279903,0.03877985729068811,81.18000000000018,3443.45,3524.63
2024-12-04,0.012293488961961975,0.05155008600019961,43.33000000000004,3524.63,3567.96
2024-12-05,0.0283271112904853,0.08133746231384653,101.06999999999994,3567.96,3669.0299999999997
2024-12-06,-0.002673731204160213,0.07844625659863058,-9.809999999999945,3669.0299999999997,3659.2200000000003
2024-12-09,0.0015139838544826392,0.08007900681904823,5.539999999999964,3659.2200000000003,3664.76
2024-12-10,-0.04899911590390644,0.027156090378545494,-179.57000000000016,3664.76,3485.1899999999996
2024-12-11,0.03841971312898296,0.06661913270957687,133.9000000000001,3485.1899999999996,3619.09
2024-12-12,-0.01402838835176798,0.051656185292501045,-50.76999999999998,3619.09,3568.3199999999997
2024-12-13,0.010167249574029228,0.06234863619444142,36.27999999999997,3568.3199999999997,3604.6
2024-12-16,0.013776840703545493,0.07698444412692096,49.66000000000008,3604.6,3654.26
2024-12-17,-0.011925807140159745,0.0641405353533111,-43.580000000000155,3654.26,3610.68
2024-12-18,-0.014994405485947148,0.04818438067219066,-54.139999999999645,3610.68,3556.54
2024-12-19,-0.014806525443267982,0.032664411970531715,-52.66000000000031,3556.54,3503.88
2024-12-20,0.007702889368357366,0.040618911690580406,26.99000000000001,3503.88,3530.87
2024-12-23,-0.00018409060656434918,0.040427343523925074,-0.6499999999998636,3530.87,3530.2200000000003
2024-12-24,0.01553509781357887,0.05659048407349121,16.200000000000045,1042.8,1059.0
2024-12-26,-0.0012464589235126877,0.05527348743611915,-1.3199999999999363,1059.0,1057.68
2024-12-27,-0.00876985134410881,0.046018895823925154,-31.090000000000146,3545.1000000000004,3514.01
2024-12-30,-0.011414310147096877,0.03407931172726708,-40.1099999999999,3514.01,3473.9
2024-12-31,-0.0009364391899801361,0.03311095933421804,-0.9600000000000364,1025.16,1024.2
2025-01-02,0.0025482732209598023,0.03574360832616952,8.850000000000136,3472.94,3481.79
2025-01-03,0.02784774498174784,0.06458673219731192,96.95999999999981,3481.79,3578.75
2025-01-06,0.044646873908487594,0.11211720179437412,159.77999999999997,3578.75,3738.5299999999997
2025-01-07,-0.005825819239112693,0.10563820800401214,-21.779999999999973,3738.5299999999997,3716.75
2025-01-08,-0.007630322190085458,0.09720183225127288,-28.360000000000127,3716.75,3688.39
2025-01-09,0.02222087189673048,0.12158261361058642,58.50999999999999,2633.1099999999997,2691.62
2025-01-10,0.0051322426539272825,0.12733884774006188,19.230000000000132,3746.8999999999996,3766.13
2025-01-13,0.004054559985980298,0.13190971072274982,15.269999999999982,3766.13,3781.4
2025-01-14,-0.011842174855873449,0.11850543800730984,-44.77999999999986,3781.4,3736.62
2025-01-15,0.007886806793305187,0.1273268742941347,29.470000000000027,3736.62,3766.09
2025-01-16,-0.004389167545119792,0.12237884776474162,-16.5300000000002,3766.09,3749.56
2025-01-17,-0.01087594277728586,0.11017191964201634,-40.77999999999997,3749.56,3708.7799999999997
2025-01-20,-0.004200133483694294,0.10550904938967065,-10.950000000000045,2607.06,2596.1099999999997
2025-01-21,-0.009492053447562465,0.09501549840610002,-35.09999999999991,3697.83,3662.73
2025-01-22,0.022155605245267898,0.11927622952623573,81.15000000000009,3662.73,3743.88
2025-01-23,-0.0084698227507292,0.10979615825304401,-31.710000000000036,3743.88,3712.17
2025-01-24,0.002588782302534609,0.11266917890695027,9.6099999999999,3712.17,3721.7799999999997
2025-01-27,-0.026957531073840992,0.08267436494166103,-100.32999999999993,3721.7799999999997,3621.45
2025-01-28,-0.0029131977522815953,0.07952032041526014,-10.550000000000182,3621.45,3610.8999999999996
2025-01-29,0.010526461546982745,0.09088384955729789,38.00999999999999,3610.8999999999996,3648.91
2025-01-30,-0.008862920707827794,0.08121543249722163,-32.33999999999992,3648.91,3616.5699999999997
2025-01-31,0.016056650362083456,0.09857613066291826,58.070000000000164,3616.5699999999997,3674.6400000000003
2025-02-03,-0.0035540896523197298,0.09467169260464381,-13.060000000000173,3674.6400000000003,3661.58
2025-02-04,-0.04071739522282728,0.05009951265761936,-149.08999999999992,3661.58,3512.49
2025-02-05,0.006337384590418728,0.05675439712754193,22.259999999999877,3512.49,3534.75
2025-02-06,-0.006037202065209681,0.05037455729878415,-21.339999999999918,3534.75,3513.41
2025-02-07,-0.009096575691422271,0.040819745633971616,-31.959999999999923,3513.41,3481.45
2025-02-10,0.01717100633356787,0.05869166807835513,59.77999999999986,3481.45,3541.23
2025-02-11,-0.004650926373039851,0.05376777107837194,-16.469999999999914,3541.23,3524.76
2025-02-12,0.009299923966454446,0.06356773122770099,32.77999999999997,3524.76,3557.54
2025-02-13,-0.006875537590582234,0.05625513131151472,-24.459999999999923,3557.54,3533.08
2025-02-14,0.008542121887984375,0.06527779138798673,30.179999999999836,3533.08,3563.2599999999998
2025-02-17,0.03174355500414827,0.09909349555360891,83.41000000000008,2627.62,2711.0299999999997
2025-02-18,0.00930437906363893,0.10931987806261967,33.93000000000018,3646.67,3680.6000000000004
2025-02-19,0.02665869695158398,0.13889290051425918,98.12,3680.6000000000004,3778.7200000000003
2025-02-20,-0.01690784180886655,0.11963667951512291,-63.890000000000214,3778.7200000000003,3714.83
2025-02-21,-0.006845535327323175,0.1119721670717353,-25.42999999999995,3714.83,3689.4
2025-02-24,0.027630509025857845,0.1426965240705138,101.93999999999994,3689.4,3791.34
2025-02-25,-0.0001266043140419758,0.1425518537609256,-0.4799999999999045,3791.34,3790.86
2025-02-26,0.005389278422310522,0.14870938381277043,20.430000000000064,3790.86,3811.29
2025-02-27,0.0004539145538649393,0.14923079972024422,1.7299999999999045,3811.29,3813.02
2025-02-28,-0.007222621439174158,0.14093034070762545,-27.53999999999985,3813.02,3785.48
2025-03-03,-0.008677895537686112,0.1310294663951881,-32.85000000000002,3785.48,3752.63
2025-03-04,0.010083594705579797,0.14243430913438537,37.83999999999992,3752.63,3790.4700000000003
2025-03-05,0.01681058021828428,0.16163929273220923,63.72000000000003,3790.4700000000003,3854.19
2025-03-06,0.00218463542274773,0.1641770510795677,8.420000000000073,3854.19,3862.61
2025-03-07,0.03935421903842214,0.20999232974725746,152.00999999999976,3862.61,4014.62
2025-03-10,-0.06566997623685429,0.13053216220597896,-263.64,4014.62,3750.98
2025-03-11,0.03550538792528891,0.17067214518711782,133.18000000000018,3750.98,3884.16
2025-03-12,0.004351005107925488,0.17576574567053305,16.899999999999864,3884.16,3901.06
2025-03-13,0.016744166970003038,0.1954529636336506,65.32000000000005,3901.06,3966.38
2025-03-14,0.05596538909534639,0.2623569538885928,221.98000000000002,3966.38,4188.360000000001
2025-03-17,0.04219073814094297,0.3156167255705049,176.70999999999992,4188.360000000001,4365.07
2025-03-18,-0.02392630587825626,0.284138877375955,-104.44000000000005,4365.07,4260.63
2025-03-19,-0.044122582810523274,0.22747935341872205,-187.98999999999978,4260.63,4072.6400000000003
2025-03-20,0.008652863989942588,0.2381005653143169,35.23999999999978,4072.6400000000003,4107.88
2025-03-21,0.01012444375200837,0.2506356448471714,41.590000000000146,4107.88,4149.47
2025-03-24,0.033765758036568526,0.2928643054229887,140.11,4149.47,4289.58
2025-03-25,-0.008119676052200897,0.28236666608350025,-34.82999999999993,4289.58,4254.75
2025-03-26,0.005523238733180509,0.2894494833237522,23.499999999999773,4254.75,4278.25
2025-03-27,-0.0020195173260094366,0.2868454177511659,-8.639999999999873,4278.25,4269.610000000001
2025-03-28,-0.06805071189171845,0.1992746709786033,-290.55000000000007,4269.610000000001,3979.06
2025-03-31,-0.025880484335496327,0.16823686164238416,-102.98000000000002,3979.06,3876.08
2025-04-01,0.04171224536129287,0.21696664425531798,161.68000000000006,3876.08,4037.76
2025-04-02,0.01576369075923281,0.23615053009966025,63.649999999999864,4037.76,4101.41
2025-04-03,-0.009065175147083524,0.22494460903614666,-37.179999999999836,4101.41,4064.23
2025-04-04,-0.07243930584637184,0.13621047185731294,-294.40999999999985,4064.23,3769.82
2025-04-07,-0.021385636449485712,0.11191188777607386,-80.62000000000023,3769.82,3689.2
2025-04-08,0.018318334598286874,0.13228026178016883,67.57999999999993,3689.2,3756.7799999999997
2025-04-09,0.06002480847960228,0.20024516763875733,225.50000000000023,3756.7799999999997,3982.28
2025-04-10,0.01154112719346704,0.21409734978182038,45.95999999999992,3982.28,4028.24
2025-04-11,0.026986971977836456,0.2468621609387478,108.70999999999992,4028.24,4136.95
2025-04-14,0.010531913607851263,0.25999400549865337,43.57000000000028,4136.95,4180.52
2025-04-15,0.05856448480093378,0.3337849052829469,244.8299999999997,4180.52,4425.35
2025-04-16,-0.015494819618787172,0.3131181487653265,-68.56999999999982,4425.35,4356.780000000001
2025-04-17,-0.006963858629538335,0.30397377961344363,-30.340000000000032,4356.780000000001,4326.4400000000005
2025-04-21,-0.011721311475409892,0.288689496786827,-8.580000000000041,732.0,723.42
2025-04-22,-0.0003450783489969852,0.2882447979429059,-1.4900000000001228,4317.860000000001,4316.37
2025-04-23,0.020223011465652897,0.3142969872622732,87.29000000000019,4316.37,4403.66
2025-04-24,0.025574181476317404,0.34790905692829566,112.61999999999989,4403.66,4516.28
2025-04-25,0.0005026260550718945,0.3485865511401751,2.2700000000000955,4516.28,4518.55
2025-04-28,-0.017220125925352197,0.3253637209083049,-77.81000000000017,4518.55,4440.74
2025-04-29,0.03679116543639131,0.37412539682763346,163.38000000000034,4440.74,4604.120000000001
2025-04-30,0.0018939558482402774,0.37672792965917057,8.720000000000027,4604.120000000001,4612.84
2025-05-01,-0.006530984204131331,0.36773654129718003,-5.160000000000082,790.08,784.92
2025-05-02,0.04263750954927426,0.4260534211376301,196.46000000000004,4607.68,4804.14
2025-05-05,0.019218840416807083,0.453460514264316,92.32999999999959,4804.14,4896.469999999999
2025-05-06,-0.0031389960522580102,0.44889810744792746,-15.369999999999777,4896.469999999999,4881.1
2025-05-07,-0.002048718526561612,0.4459297230520989,-9.999999999999886,4881.1,4871.1
2025-05-08,0.052279772535977466,0.5215226000762714,254.65999999999985,4871.1,5125.76
2025-05-09,-0.011050068672743161,0.5047096708582979,-56.639999999999986,5125.76,5069.12
2025-05-12,-0.02296256549460261,0.47015767649085216,-116.39999999999998,5069.12,4952.72
2025-05-13,0.0029801805876366904,0.4745390118590951,14.759999999999991,4952.72,4967.48
2025-05-14,0.03496340196638939,0.5260939120458472,173.67999999999995,4967.48,5141.16
2025-05-15,-0.023986804534385224,0.48948779567648826,-123.31999999999994,5141.16,5017.84
2025-05-16,-0.015480764631793773,0.46642938568969106,-77.68000000000006,5017.84,4940.16
2025-05-19,0.002161873299650227,0.46959962022443613,10.680000000000064,4940.16,4950.84
2025-05-20,-0.006164610449943844,0.4605401110483671,-30.519999999999982,4950.84,4920.32
2025-05-21,-0.021648998439125933,0.4289208804640001,-106.5200000000001,4920.32,4813.8
2025-05-22,-0.0015372470813079016,0.426724276011087,-7.399999999999977,4813.8,4806.4
2025-05-23,0.0340795605858855,0.4753464124147604,163.80000000000007,4806.4,4970.2
2025-05-26,0.034607938044530495,0.5264051096498308,143.0,4132.0,4275.0
2025-05-27,-0.022185715403269978,0.49254072029704266,-113.44000000000005,5113.2,4999.76
2025-05-28,0.016704801830487857,0.5174733172535384,83.51999999999998,4999.76,5083.28
2025-05-29,-0.009466328827056548,0.5031084158461321,-48.120000000000005,5083.28,5035.16
2025-05-30,-0.007705812724918365,0.4915257438883731,-38.799999999999955,5035.16,4996.360000000001
2025-06-02,0.029581535357740423,0.535647365418187,147.79999999999995,4996.360000000001,5144.16
2025-06-03,0.004432210506671657,0.5424536778057361,22.800000000000068,5144.16,5166.96
2025-06-04,0.026251412823013916,0.5829452660621908,135.64,5166.96,5302.6
2025-06-05,7.543469241497306e-06,0.5829572069611162,0.03999999999996362,5302.6,5302.639999999999
2025-06-06,-0.007068177360710895,0.5717685846678995,-37.48000000000002,5302.639999999999,5265.16
2025-06-09,0.0012231347195526925,0.5736910693949089,6.440000000000055,5265.16,5271.6
2025-06-10,-0.03935806965627134,0.5117536266682119,-207.48000000000002,5271.6,5064.12
2025-06-11,0.03597861030149366,0.5661444212739772,182.20000000000005,5064.12,5246.32
2025-06-12,-0.002973512862349232,0.5614874706930226,-15.600000000000023,5246.32,5230.72
2025-06-13,0.0055900526122598816,0.5702162678075813,29.24000000000001,5230.72,5259.96
2025-06-16,0.04603837291538338,0.6425064699027083,242.15999999999997,5259.96,5502.12
2025-06-17,-0.020188581855721074,0.6093465935865261,-111.08000000000004,5502.12,5391.04
2025-06-18,0.0012613521695257442,0.6113765464038652,6.800000000000068,5391.04,5397.84
2025-06-19,-0.020546448087431696,0.5782684818438732,-94.0,4575.0,4481.0
2025-06-20,-0.007398413225134998,0.5665917994349858,-39.24000000000001,5303.84,5264.6
2025-06-23,0.014914713368537016,0.5899570670890593,78.51999999999998,5264.6,5343.12
2025-06-24,0.016252676338918092,0.6157981246932334,86.84000000000003,5343.12,5429.96
2025-06-25,-0.006099492445616543,0.6059425762380255,-33.120000000000005,5429.96,5396.84
