date,close,high,low,open,volume,shares_owned,daily_return,cumulative_return,MSMIF_position
2022-12-01,18.161195755004883,18.161195755004883,18.161195755004883,18.161195755004883,0,20,,,363.22
2022-12-02,18.06993293762207,18.06993293762207,18.02430248835795,18.02430248835795,150,20,-0.0050251546546796755,-0.0050251546546796755,361.4
2022-12-05,17.020416259765625,17.56799033255468,17.020416259765625,17.56799033255468,347,20,-0.05808082860514241,-0.06281411811360926,340.41
2022-12-06,16.518476486206055,16.518476486206055,16.518476486206055,16.518476486206055,0,20,-0.029490452283831625,-0.09045215364446058,330.37
2022-12-07,15.651482582092285,15.651482582092285,15.651482582092285,15.651482582092285,0,20,-0.0524863116061437,-0.13819096532897435,313.03
2022-12-08,15.697115898132324,15.697115898132324,15.697115898132324,15.697115898132324,0,20,0.0029155906349889182,-0.13567828297833862,313.94
2022-12-09,15.46895980834961,15.46895980834961,15.46895980834961,15.46895980834961,0,20,-0.01453490509105948,-0.14824111710339005,309.38
2022-12-12,15.697115898132324,15.697115898132324,15.697115898132324,15.697115898132324,400,20,0.014749284542039165,-0.1356782829783385,313.94
2022-12-13,15.286434173583984,15.286434173583983,15.149541081361551,15.149541081361551,500,20,-0.026162877767705317,-0.1582914264127494,305.73
2022-12-14,15.01264762878418,15.195171167136195,15.01264762878418,15.195171167136195,70,20,-0.01791042578608204,-0.1733667853534928,300.25
2022-12-15,14.830121994018555,14.830121994018555,14.830121994018555,14.830121994018555,0,20,-0.01215812422158391,-0.18341709466285228,296.6
2022-12-16,14.875753402709961,14.875753402709961,14.875753402709961,14.875753402709961,0,20,0.0030769408848969615,-0.1809045173355125,297.52
2022-12-19,14.784492492675781,14.92138558709701,14.784492492675781,14.92138558709701,200,20,-0.006134876504308995,-0.18592956696689644,295.69
2022-12-20,14.328179359436035,14.328179359436035,14.236917591620722,14.236917591620722,1,20,-0.03086430822470254,-0.21105528772864723,286.56
2022-12-21,14.373811721801758,14.373811721801758,14.373811721801758,14.373811721801758,0,20,0.003184798376750564,-0.20854265788965953,287.48
2022-12-22,14.419442176818848,14.419442176818848,14.419442176818848,14.419442176818848,0,20,0.003174554940627017,-0.20603013307396767,288.39
2022-12-23,14.419442176818848,14.419442176818848,14.419442176818848,14.419442176818848,0,20,0.0,-0.20603013307396767,288.39
2022-12-27,14.145655632019043,14.145655632019043,14.145655632019043,14.145655632019043,0,20,-0.018987318749400184,-0.22110549201471108,282.91
2022-12-28,14.282548904418945,14.282548904418945,14.282548904418945,14.282548904418945,0,20,0.009677407393549275,-0.21356781254433932,285.65
2022-12-29,14.100024223327637,14.100024223327637,14.100024223327637,14.100024223327637,0,20,-0.012779559328855994,-0.22361806934205097,282.0
2022-12-30,14.510704040527344,14.510704040527344,14.510704040527344,14.510704040527344,10,20,0.02912617813239371,-0.2010050309309358,290.21
2023-01-02,16.290319442749023,16.290319442749023,15.286433884298846,15.286433884298846,170,20,0.12264156151564687,-0.10301504028115982,325.81
2023-01-03,16.016530990600586,16.016530990600586,16.016530990600586,16.016530990600586,0,20,-0.016806819111844007,-0.11809050424519907,320.33
2023-01-04,16.244688034057617,16.244688034057617,16.244688034057617,16.244688034057617,0,20,0.014245097367896031,-0.10552761760849982,324.89
2023-01-05,15.834007263183594,15.834007263183594,15.834007263183594,15.834007263183594,0,20,-0.025280926910570156,-0.12814070853126291,316.68
2023-01-06,15.92526912689209,15.92526912689209,15.92526912689209,15.92526912689209,0,20,0.00576366185714039,-0.12311560638823116,318.51
2023-01-09,15.742746353149414,15.742746353149414,15.742746353149414,15.742746353149414,0,20,-0.011461204974832162,-0.13316575816264709,314.85
2023-01-10,15.742746353149414,15.742746353149414,15.742746353149414,15.742746353149414,0,20,0.0,-0.13316575816264709,314.85
2023-01-11,15.742746353149414,15.742746353149414,15.742746353149414,15.742746353149414,0,20,0.0,-0.13316575816264709,314.85
2023-01-12,15.788374900817871,15.788374900817871,15.788374900817871,15.788374900817871,0,20,0.002898385494175759,-0.13065333837025084,315.77
2023-01-13,15.970900535583496,15.970900535583496,15.970900535583496,15.970900535583496,0,20,0.011560761377421347,-0.12060302906089149,319.42
2023-01-16,16.33595085144043,16.33595085144043,16.33595085144043,16.33595085144043,0,20,0.022857215536693953,-0.10050246295382048,326.72
2023-01-17,16.427213668823242,16.427213668823242,16.427213668823242,16.427213668823242,0,20,0.0055866241403856876,-0.0954773082991408,328.54
2023-01-18,16.290319442749023,16.290319442749023,16.290319442749023,16.290319442749023,0,20,-0.008333380744540153,-0.10301504028116037,325.81
2023-01-19,16.290319442749023,16.290319442749023,16.290319442749023,16.290319442749023,0,20,0.0,-0.10301504028116037,325.81
2023-01-20,16.290319442749023,16.290319442749023,16.290319442749023,16.290319442749023,0,20,0.0,-0.10301504028116037,325.81
2023-01-23,16.290319442749023,16.290319442749023,16.290319442749023,16.290319442749023,0,20,0.0,-0.10301504028116037,325.81
2023-01-24,16.609739303588867,16.609739303588867,16.609739303588867,16.609739303588867,0,20,0.019607955630484675,-0.08542699898978123,332.19
2023-01-25,17.385465621948242,17.385465621948242,16.929154170026347,16.929154170026347,1000,20,0.04670310016194912,-0.04271360451818662,347.71
2023-01-26,17.248573303222656,17.248573303222656,17.248573303222656,17.248573303222656,0,20,-0.007873951822881642,-0.05025123147691046,344.97
2023-01-27,17.567989349365234,17.567989349365234,17.567989349365234,17.567989349365234,0,20,0.01851840384287895,-0.032663400232122886,351.36
2023-01-30,17.65925407409668,17.65925407409668,17.65925407409668,17.65925407409668,0,20,0.005194944220224151,-0.027638140554147483,353.19
2023-01-31,17.294206619262695,17.294206619262695,17.294206619262695,17.294206619262695,0,20,-0.02067173694326374,-0.047738549126274954,345.88
2023-02-01,17.385465621948242,17.385465621948242,17.385465621948242,17.385465621948242,0,20,0.005276853960094474,-0.04271360451818662,347.71
2023-02-02,17.43109893798828,17.43109893798828,17.385466745433217,17.385466745433217,0,20,0.0026247968867989524,-0.040200922167551,348.62
2023-02-03,17.522361755371094,17.522361755371094,17.522361755371094,17.522361755371094,0,20,0.005235631884569214,-0.035175767512871325,350.45
2023-02-06,17.522361755371094,17.522361755371094,17.522361755371094,17.522361755371094,0,20,0.0,-0.035175767512871325,350.45
2023-02-07,17.796146392822266,17.841776841143236,17.4767280325054,17.4767280325054,635,20,0.015624870737944274,-0.02010051359542364,355.92
2023-02-08,15.92526912689209,16.837891959592156,15.92526912689209,16.837891959592156,150,20,-0.10512822409039957,-0.12311560638823138,318.51
2023-02-09,16.33595085144043,16.33595085144043,16.33595085144043,16.33595085144043,0,20,0.025788055528358056,-0.10050246295382048,326.72
2023-02-10,16.518476486206055,16.518476486206055,16.518476486206055,16.518476486206055,0,20,0.011173248280771597,-0.09045215364446102,330.37
2023-02-13,16.700998306274414,16.700998306274414,16.700998306274414,16.700998306274414,0,20,0.011049555340093109,-0.08040205438169301,334.02
2023-02-14,16.746631622314453,16.746631622314453,16.746631622314453,16.746631622314453,0,20,0.0027323705567285916,-0.0778893720310575,334.93
2023-02-15,16.564105987548828,16.564105987548828,16.564105987548828,16.564105987548828,0,20,-0.010899244629135718,-0.08793968134041696,331.28
2023-02-16,16.381582260131836,16.381582260131836,16.381582260131836,16.381582260131836,0,20,-0.011019232040304194,-0.0979898856264807,327.63
2023-02-17,16.381582260131836,16.381582260131836,16.381582260131836,16.381582260131836,0,20,0.0,-0.0979898856264807,327.63
2023-02-20,16.244688034057617,16.244688034057617,16.244688034057617,16.244688034057617,0,20,-0.008356593636707488,-0.10552761760850027,324.89
2023-02-21,16.88352394104004,16.88352394104004,16.88352394104004,16.88352394104004,0,20,0.039325834121472614,-0.07035174507233377,337.67
2023-02-22,16.929155349731445,16.929155349731445,16.929155349731445,16.929155349731445,0,20,0.0027027182743815104,-0.06783916774499388,338.58
2023-02-23,16.88352394104004,16.88352394104004,16.88352394104004,16.88352394104004,0,20,-0.0026954332776046863,-0.07035174507233366,337.67
2023-02-24,17.385465621948242,17.385465621948242,17.33983517303207,17.33983517303207,1,20,0.0297296750761904,-0.04271360451818673,347.71
2023-02-27,16.837892532348633,16.837892532348633,16.837892532348633,16.837892532348633,0,20,-0.031496026710284175,-0.07286432239967355,336.76
2023-02-28,18.43498420715332,18.43498420715332,17.02041759631054,17.02041759631054,495,20,0.09485104336759398,0.015075463964038693,368.7
2023-03-01,17.97867202758789,18.434983482697326,17.97867202758789,18.434983482697326,150,20,-0.024752512637812085,-0.01005020428606418,359.57
2023-03-02,18.982555389404297,18.982555389404297,17.933039415497475,17.933039415497475,150,20,0.055837458977836096,0.0452260768222299,379.65
2023-03-03,18.5262451171875,18.5262451171875,18.5262451171875,18.5262451171875,0,20,-0.02403840067136065,0.020100513595422642,370.52
2023-03-06,17.887409210205078,18.343720660768014,17.841777020734757,18.343720660768014,457,20,-0.034482751520422794,-0.015075358940743966,357.75
2023-03-07,17.704883575439453,17.841776659700248,17.704883575439453,17.841776659700248,99,20,-0.010204140388396232,-0.025125668250103428,354.1
2023-03-08,17.385465621948242,17.385465621948242,17.385465621948242,17.385465621948242,0,20,-0.01804123433685345,-0.04271360451818673,347.71
2023-03-09,17.11168098449707,17.431099377679057,17.11168098449707,17.431099377679057,150,20,-0.015747903645763284,-0.057788858435634416,342.23
2023-03-10,16.88352394104004,17.02041703026181,16.88352394104004,17.02041703026181,60,20,-0.013333409129339113,-0.07035174507233377,337.67
2023-03-13,17.294206619262695,17.61362327805854,17.294206619262695,17.61362327805854,440,20,0.02432446446943337,-0.047738549126275065,345.88
2023-03-14,17.15730857849121,17.15730857849121,17.15730857849121,17.15730857849121,0,20,-0.007915832381637178,-0.05527649115488609,343.15
2023-03-15,17.15730857849121,17.38546428693226,17.15730857849121,17.38546428693226,35,20,0.0,-0.05527649115488609,343.15
2023-03-16,17.15730857849121,17.15730857849121,17.15730857849121,17.15730857849121,0,20,0.0,-0.05527649115488609,343.15
2023-03-17,17.294206619262695,17.294206619262695,17.294206619262695,17.294206619262695,0,20,0.00797899275082714,-0.047738549126274954,345.88
2023-03-20,17.20294189453125,17.20294189453125,17.20294189453125,17.20294189453125,0,20,-0.005277184824991732,-0.052763808804250356,344.06
2023-03-21,17.294206619262695,17.294206619262695,17.294206619262695,17.294206619262695,0,20,0.0053051812469619986,-0.047738549126274954,345.88
2023-03-22,17.33983612060547,17.33983612060547,17.33983612060547,17.33983612060547,0,20,0.002638426980047237,-0.04522607682223079,346.8
2023-03-23,17.43109893798828,17.43109893798828,17.43109893798828,17.43109893798828,0,20,0.005263187999473784,-0.040200922167551,348.62
2023-03-24,17.65925407409668,17.65925407409668,17.65925407409668,17.65925407409668,0,20,0.013088970289255375,-0.027638140554147372,353.19
2023-03-27,17.522361755371094,17.522361755371094,17.522361755371094,17.522361755371094,0,20,-0.007751874351611732,-0.035175767512871214,350.45
2023-03-28,17.43109893798828,17.43109893798828,17.43109893798828,17.43109893798828,0,20,-0.005208362814153045,-0.04020092216755089,348.62
2023-03-29,17.476730346679688,17.476730346679688,17.476730346679688,17.476730346679688,0,20,0.002617815942284718,-0.037688344840210886,349.53
2023-03-30,17.65925407409668,17.65925407409668,17.65925407409668,17.65925407409668,0,20,0.010443814363232384,-0.02763814055414715,353.19
2023-03-31,17.567989349365234,17.567989349365234,17.567989349365234,17.567989349365234,0,20,-0.005168096248488574,-0.032663400232122664,351.36
2023-04-03,17.750516891479492,17.750516891479492,17.750516891479492,17.750516891479492,30,20,0.01038977987090206,-0.022612985899467475,355.01
2023-04-04,17.385465621948242,17.385465621948242,17.385465621948242,17.385465621948242,0,20,-0.020565669820380217,-0.04271360451818629,347.71
2023-04-05,17.567989349365234,17.567989349365234,17.567989349365234,17.567989349365234,0,20,0.010498639000301901,-0.03266340023212244,351.36
2023-04-06,17.476730346679688,17.476730346679688,17.476730346679688,17.476730346679688,0,20,-0.005194618511585314,-0.037688344840210664,349.53
2023-04-11,17.887409210205078,17.887409210205078,17.887409210205078,17.887409210205078,0,20,0.023498609601390053,-0.0150753589407433,357.75
2023-04-12,17.476730346679688,17.476730346679688,17.385467697263213,17.385467697263213,522,20,-0.02295910261230516,-0.03768834484021055,349.53
2023-04-13,17.33983612060547,17.33983612060547,17.33983612060547,17.33983612060547,0,20,-0.00783294262477574,-0.04522607682223012,346.8
2023-04-14,17.43109893798828,17.43109893798828,17.33983629356831,17.33983629356831,200,20,0.005263187999473784,-0.040200922167550335,348.62
2023-04-17,17.385465621948242,17.385465621948242,17.385465621948242,17.385465621948242,0,20,-0.002617925364452378,-0.042713604518185955,347.71
2023-04-18,17.248573303222656,17.61362213289121,17.202942852272887,17.202942852272887,950,20,-0.007873951822881642,-0.0502512314769098,344.97
2023-04-19,17.15730857849121,17.202940764593368,17.15730857849121,17.202940764593368,49,20,-0.005291146295235527,-0.0552764911548852,343.15
2023-04-20,17.61362075805664,17.61362075805664,17.61362075805664,17.61362075805664,0,20,0.02659579021254377,-0.030150822904782326,352.27
2023-04-21,17.294206619262695,17.294206619262695,17.294206619262695,17.294206619262695,0,20,-0.018134496205037376,-0.04773854912627418,345.88
2023-04-24,17.704883575439453,17.704883575439453,17.431097406917868,17.431097406917868,150,20,0.023746504550219427,-0.02512566825010265,354.1
2023-04-25,17.294206619262695,17.339837073179176,17.294206619262695,17.339837073179176,18,20,-0.023195688038663898,-0.04773854912627418,345.88
2023-04-26,17.43109893798828,17.476729389853187,17.43109893798828,17.476729389853187,245,20,0.007915501516739809,-0.040200922167550335,348.62
2023-04-27,17.43109893798828,17.43109893798828,17.33983629356831,17.33983629356831,378,20,0.0,-0.040200922167550335,348.62
2023-04-28,17.476730346679688,17.476730346679688,17.476730346679688,17.476730346679688,0,20,0.002617815942284718,-0.03768834484021033,349.53
2023-05-02,17.33983612060547,17.796147597463506,17.294205669195723,17.385466572015215,380,20,-0.00783294262477574,-0.0452260768222299,346.8
2023-05-03,17.33983612060547,17.33983612060547,17.33983612060547,17.33983612060547,0,20,0.0,-0.0452260768222299,346.8
2023-05-04,17.248573303222656,17.248573303222656,17.248573303222656,17.248573303222656,0,20,-0.005263187999473784,-0.050251231476909686,344.97
2023-05-05,17.522361755371094,17.522361755371094,17.522361755371094,17.522361755371094,0,20,0.01587310714546364,-0.03517576751287055,350.45
2023-05-08,17.887409210205078,18.20682757373714,17.522360397892736,17.522360397892736,40,20,0.02083323355209732,-0.015075358940743189,357.75
2023-05-09,18.11556625366211,18.11556625366211,17.978673156670236,17.978673156670236,150,20,0.012755175485495318,-0.0025124723040438335,362.31
2023-05-10,18.34372329711914,18.34372329711914,18.34372329711914,18.34372329711914,0,20,0.012594530044618857,0.01005041433265541,366.87
2023-05-11,19.438867568969727,19.438867568969727,18.98255610734424,18.98255610734424,1000,20,0.059701307859488795,0.07035174507233344,388.78
2023-05-12,19.486865997314453,19.486865997314453,19.486865997314453,19.486865997314453,0,20,0.0024691987933158632,0.07299465630968949,389.74
2023-05-15,19.294878005981445,19.582860521957276,19.102888441365437,19.102888441365437,425,20,-0.009852173836442768,0.06242332643015236,385.9
2023-05-16,19.294878005981445,19.294878005981445,19.294878005981445,19.294878005981445,0,20,0.0,0.06242332643015236,385.9
2023-05-17,19.006893157958984,19.006893157958984,19.006893157958984,19.006893157958984,0,20,-0.01492545575738724,0.04656617407590291,380.14
2023-05-18,18.71891212463379,18.71891212463379,18.71891212463379,18.71891212463379,0,20,-0.01515139959655143,0.030709231768244916,374.38
2023-05-19,18.334932327270508,18.334932327270508,18.334932327270508,18.334932327270508,0,20,-0.0205129333802454,0.009566361962578984,366.7
2023-05-22,18.28693389892578,18.28693389892578,18.28693389892578,18.28693389892578,0,20,-0.0026178677667294536,0.006923450725222935,365.74
2023-05-23,18.334932327270508,18.334932327270508,18.334932327270508,18.334932327270508,0,20,0.002624738986317876,0.009566361962579206,366.7
2023-05-24,18.334932327270508,18.334932327270508,18.334932327270508,18.334932327270508,0,20,0.0,0.009566361962579206,366.7
2023-05-25,18.094945907592773,18.094945907592773,18.094945907592773,18.094945907592773,0,20,-0.013089026749271926,-0.003647879154314082,361.9
2023-05-26,17.95095443725586,17.95095443725586,17.95095443725586,17.95095443725586,0,20,-0.007957551853000844,-0.011576402819790998,359.02
2023-05-29,18.142942428588867,18.142942428588867,18.142942428588867,18.142942428588867,0,20,0.010695141141606967,-0.0010050729402537595,362.86
2023-05-30,18.094945907592773,18.094945907592773,18.094945907592773,18.094945907592773,0,20,-0.002645465099446187,-0.003647879154314082,361.9
2023-05-31,17.998952865600586,17.998952865600586,17.998952865600586,17.998952865600586,0,20,-0.005304964296793391,-0.008933491582434838,359.98
2023-06-01,17.95095443725586,17.95095443725586,17.95095443725586,17.95095443725586,0,20,-0.00266673448745236,-0.011576402819790998,359.02
2023-06-02,17.854961395263672,17.854961395263672,17.854961395263672,17.854961395263672,0,20,-0.005347517444139971,-0.016862015247911755,357.1
2023-06-05,17.470983505249023,17.80696247843036,17.470983505249023,17.75896600538962,97,20,-0.021505388979250584,-0.03800478003028196,349.42
2023-06-06,17.326990127563477,17.326990127563477,17.326990127563477,17.326990127563477,0,20,-0.008241858716327322,-0.0459334087190546,346.54
2023-06-07,17.56697654724121,17.56697654724121,17.56697654724121,17.56697654724121,0,20,0.013850438992053737,-0.0327191676021612,351.34
2023-06-08,17.56697654724121,17.56697654724121,17.518980073938426,17.518980073938426,50,20,0.0,-0.0327191676021612,351.34
2023-06-09,17.56697654724121,17.56697654724121,17.56697654724121,17.56697654724121,0,20,0.0,-0.0327191676021612,351.34
2023-06-12,17.998952865600586,17.998952865600586,17.998952865600586,17.998952865600586,0,20,0.024590248481160204,-0.008933491582434838,359.98
2023-06-13,18.04694938659668,18.04694938659668,18.04694938659668,18.04694938659668,0,20,0.0026666285174747895,-0.006290685368374405,360.94
2023-06-14,17.902957916259766,17.902957916259766,17.902957916259766,17.902957916259766,0,20,-0.007978715252775936,-0.014219209033851321,358.06
2023-06-15,17.854961395263672,17.854961395263672,17.854961395263672,17.854961395263672,0,20,-0.0026809268736817105,-0.016862015247911644,357.1
2023-06-16,17.998952865600586,17.998952865600586,17.998952865600586,17.998952865600586,0,20,0.008064507514147223,-0.008933491582434838,359.98
2023-06-19,17.95095443725586,17.95095443725586,17.95095443725586,17.95095443725586,0,20,-0.00266673448745236,-0.011576402819790998,359.02
2023-06-20,17.95095443725586,17.95095443725586,17.95095443725586,17.95095443725586,400,20,0.0,-0.011576402819790998,359.02
2023-06-21,17.806962966918945,17.806962966918945,17.806962966918945,17.806962966918945,0,20,-0.008021382419536982,-0.019504926485267804,356.14
2023-06-22,17.518980026245117,17.518980026245117,17.518980026245117,17.518980026245117,0,20,-0.016172490570617315,-0.035361973816221526,350.38
2023-06-23,17.470983505249023,17.470983505249023,17.4229852012602,17.4229852012602,47,20,-0.0027396869523333978,-0.03800478003028185,349.42
2023-06-26,17.13500213623047,17.374988155418716,17.13500213623047,17.374988155418716,20,20,-0.01923082171748436,-0.05650473859859162,342.7
2023-06-27,17.182998657226562,17.182998657226562,17.182998657226562,17.182998657226562,0,20,0.0028010805376328385,-0.0538619323845313,343.66
2023-06-28,17.087005615234375,17.087005615234375,17.087005615234375,17.087005615234375,0,20,-0.00558651280298017,-0.05914754481265205,341.74
2023-06-29,16.991010665893555,16.991010665893555,16.991010665893555,16.991010665893555,0,20,-0.005618008883618186,-0.06443326226406854,339.82
2023-06-30,17.56697654724121,17.56697654724121,17.56697654724121,17.56697654724121,0,20,0.03389827083704944,-0.03271916760216109,351.34
2023-07-03,18.23893928527832,18.23893928527832,18.23893928527832,18.23893928527832,0,20,0.0382514735094035,0.004280749534458561,364.78
2023-07-04,18.142942428588867,18.142942428588867,18.142942428588867,18.142942428588867,0,20,-0.005263291641468326,-0.0010050729402536485,362.86
2023-07-05,17.95095443725586,17.95095443725586,17.95095443725586,17.95095443725586,0,20,-0.010581965526742843,-0.011576402819790887,359.02
2023-07-06,18.04694938659668,18.04694938659668,17.998952911212715,17.998952911212715,100,20,0.005347623697466997,-0.006290685368374405,360.94
2023-07-07,18.142942428588867,18.142942428588867,17.998951185296097,17.998951185296097,150,20,0.005319073043086098,-0.0010050729402537595,362.86
2023-07-10,18.190942764282227,18.190942764282227,18.190942764282227,18.190942764282227,0,20,0.002645675357362265,0.0016379433203981275,363.82
2023-07-11,17.998952865600586,17.998952865600586,17.998952865600586,17.998952865600586,0,20,-0.010554147806930092,-0.008933491582434838,359.98
2023-07-12,17.66297149658203,17.854961053556618,17.66297149658203,17.854961053556618,165,20,-0.018666717532255905,-0.02743345015074461,353.26
2023-07-13,18.04694938659668,18.04694938659668,17.71097039701258,17.71097039701258,20,20,0.02173914451987602,-0.006290685368374405,360.94
2023-07-14,17.95095443725586,17.95095443725586,17.95095443725586,17.95095443725586,0,20,-0.0053191787312327765,-0.011576402819790887,359.02
2023-07-17,17.998952865600586,17.998952865600586,17.998952865600586,17.998952865600586,0,20,0.002673864975397011,-0.008933491582434838,359.98
2023-07-18,17.902957916259766,17.95095622202021,17.902957916259766,17.95095622202021,54,20,-0.005333363004927039,-0.014219209033851321,358.06
2023-07-19,18.094945907592773,18.094945907592773,18.046947605996383,18.046947605996383,590,20,0.010723814032911339,-0.003647879154314082,361.9
2023-07-20,18.04694938659668,18.04694938659668,18.04694938659668,18.04694938659668,0,20,-0.002652482148396751,-0.006290685368374516,360.94
2023-07-21,18.094945907592773,18.094945907592773,18.094945907592773,18.094945907592773,0,20,0.00265953652154316,-0.003647879154314082,361.9
2023-07-24,18.142942428588867,18.142942428588867,18.142942428588867,18.142942428588867,0,20,0.00265248214839664,-0.0010050729402537595,362.86
2023-07-25,18.142942428588867,18.142942428588867,18.142942428588867,18.142942428588867,0,20,0.0,-0.0010050729402537595,362.86
2023-07-26,18.28693389892578,18.28693389892578,18.28693389892578,18.28693389892578,0,20,0.007936500427296656,0.006923450725223157,365.74
2023-07-27,18.28693389892578,18.28693389892578,18.28693389892578,18.28693389892578,0,20,0.0,0.006923450725223157,365.74
2023-07-28,18.622915267944336,18.622915267944336,18.622915267944336,18.622915267944336,25,20,0.018372755699537446,0.025423409293532817,372.46
2023-07-31,18.28693389892578,18.28693389892578,18.28693389892578,18.28693389892578,0,20,-0.01804128753122125,0.006923450725222935,365.74
2023-08-01,18.334932327270508,18.334932327270508,18.334932327270508,18.334932327270508,0,20,0.002624738986317876,0.009566361962579206,366.7
2023-08-02,18.23893928527832,18.23893928527832,17.950956765784788,17.950956765784788,160,20,-0.00523552747720879,0.004280749534458339,364.78
2023-08-03,17.75896644592285,17.75896644592285,17.75896644592285,17.75896644592285,0,20,-0.026315830753539604,-0.02214773269932835,355.18
2023-08-04,17.998952865600586,17.998952865600586,17.998952865600586,17.998952865600586,0,20,0.013513535284190636,-0.00893349158243495,359.98
2023-08-07,17.998952865600586,17.998952865600586,17.998952865600586,17.998952865600586,0,20,0.0,-0.00893349158243495,359.98
2023-08-08,17.902957916259766,17.902957916259766,17.902957916259766,17.902957916259766,0,20,-0.005333363004927039,-0.014219209033851432,358.06
2023-08-09,17.806962966918945,17.806962966918945,17.806962966918945,17.806962966918945,0,20,-0.005361960285547918,-0.019504926485267915,356.14
2023-08-10,17.95095443725586,17.95095443725586,17.95095443725586,17.95095443725586,0,20,0.008086245285308546,-0.01157640281979111,359.02
2023-08-11,20.15882682800293,20.15882682800293,18.95889665966942,18.95889665966942,800,20,0.12299470752177921,0.10999446842301364,403.18
2023-08-14,21.118770599365234,21.310760155375068,19.774849200140704,19.774849200140704,350,20,0.04761902959694231,0.1628513278672914,422.38
2023-08-15,21.502748489379883,21.502748489379883,21.118771197434345,21.118771197434345,162,20,0.018181829676495953,0.1839940926496617,430.05
2023-08-16,21.310758590698242,21.598741072620665,21.11876904878465,21.11876904878465,338,20,-0.008928621323756047,0.17342265774682875,426.22
2023-08-17,21.022775650024414,21.11877042724697,20.926780872801857,20.926780872801857,1300,20,-0.01351350020921016,0.15756561041587513,420.46
2023-08-18,19.294878005981445,19.77485008657328,19.294878005981445,19.678855304265277,232,20,-0.08219169879411059,0.0624233264301528,385.9
2023-08-21,19.678855895996094,19.678855895996094,19.582861110801584,19.582861110801584,100,20,0.01990050882392791,0.0835660912125229,393.58
2023-08-22,19.8708438873291,19.8708438873291,19.8708438873291,19.8708438873291,0,20,0.00975605453628381,0.09413742109206025,397.42
2023-08-23,20.15882682800293,20.15882682800293,20.15882682800293,20.15882682800293,0,20,0.014492738320865284,0.10999446842301386,403.18
2023-08-24,20.25482177734375,20.25482177734375,20.25482177734375,20.25482177734375,0,20,0.004761931344510195,0.11528018587443034,405.1
2023-08-25,20.350814819335938,20.350814819335938,20.350814819335938,20.350814819335938,0,20,0.0047392686564915465,0.12056579830255099,407.02
2023-08-28,19.8708438873291,19.8708438873291,19.8708438873291,19.8708438873291,0,20,-0.02358485084099926,0.09413742109206003,397.42
2023-08-29,19.8708438873291,19.8708438873291,19.8708438873291,19.8708438873291,0,20,0.0,0.09413742109206003,397.42
2023-08-30,19.58285903930664,19.58285903930664,19.58285903930664,19.58285903930664,0,20,-0.014492834308164393,0.07828026873781058,391.66
2023-08-31,19.77484893798828,19.77484893798828,19.77484893798828,19.77484893798828,0,20,0.009803976952307059,0.08885170364064354,395.5
2023-09-01,19.58285903930664,19.58285903930664,19.58285903930664,19.58285903930664,0,20,-0.009708792177563486,0.07828026873781058,391.66
2023-09-04,19.486865997314453,19.486865997314453,19.486865997314453,19.486865997314453,0,20,-0.004901891077268683,0.07299465630968993,389.74
2023-09-05,19.486865997314453,19.486865997314453,19.486865997314453,19.486865997314453,0,20,0.0,0.07299465630968993,389.74
2023-09-06,19.486865997314453,19.486865997314453,19.486865997314453,19.486865997314453,0,20,0.0,0.07299465630968993,389.74
2023-09-07,19.390871047973633,19.390871047973633,19.390871047973633,19.390871047973633,0,20,-0.0049261358575590775,0.06770893885827345,387.82
2023-09-08,19.198883056640625,19.198883056640625,19.198883056640625,19.198883056640625,0,20,-0.009900947247703518,0.0571376089787361,383.98
2023-09-11,18.95889663696289,18.95889663696289,18.95889663696289,18.95889663696289,0,20,-0.012500019869370771,0.0439233678618427,379.18
2023-09-12,19.054889678955078,19.054889678955078,19.054889678955078,19.054889678955078,0,20,0.005063218805942293,0.049208980289963344,381.1
2023-09-13,19.054889678955078,19.054889678955078,19.054889678955078,19.054889678955078,0,20,0.0,0.049208980289963344,381.1
2023-09-14,18.86290168762207,18.86290168762207,18.766906908944858,18.766906908944858,128,20,-0.010075523635544648,0.038637650410426216,377.26
2023-09-15,19.198883056640625,19.198883056640625,19.10288827516779,19.10288827516779,225,20,0.01781175423498227,0.0571376089787361,383.98
2023-09-18,19.102888107299805,19.102888107299805,19.102888107299805,19.102888107299805,150,20,-0.005000027817119168,0.051851891527319616,382.06
2023-09-19,18.910900115966797,18.910900115966797,18.910900115966797,18.910900115966797,0,20,-0.01005020760497688,0.04128056164778249,378.22
2023-09-20,19.102888107299805,19.102888107299805,19.102888107299805,19.102888107299805,0,20,0.010152239721836986,0.05185189152731984,382.06
2023-09-21,19.198883056640625,19.198883056640625,19.10288827516779,19.10288827516779,150,20,0.005025153725532139,0.05713760897873632,383.98
2023-09-22,19.102888107299805,19.102888107299805,19.102888107299805,19.102888107299805,0,20,-0.005000027817119168,0.05185189152731984,382.06
2023-09-25,19.58285903930664,19.58285903930664,19.58285903930664,19.58285903930664,0,20,0.025125568935485898,0.0782802687378108,391.66
2023-09-26,18.814905166625977,18.814905166625977,18.814905166625977,18.814905166625977,0,20,-0.039215615612573695,0.03599484419636623,376.3
2023-09-27,18.76690673828125,18.76690673828125,18.76690673828125,18.76690673828125,0,20,-0.002551085318775126,0.03335193295901018,375.34
2023-09-28,18.86290168762207,18.86290168762207,18.86290168762207,18.86290168762207,0,20,0.005115118366576965,0.03863765041042666,377.26
2023-09-29,18.910900115966797,18.910900115966797,18.910900115966797,18.910900115966797,0,20,0.002544594100080788,0.04128056164778271,378.22
2023-10-02,18.814905166625977,18.814905166625977,18.814905166625977,18.814905166625977,0,20,-0.00507617029079277,0.03599484419636623,376.3
2023-10-03,18.910900115966797,18.910900115966797,18.910900115966797,18.910900115966797,0,20,0.00510206926320822,0.04128056164778271,378.22
2023-10-04,18.76690673828125,18.76690673828125,18.76690673828125,18.76690673828125,0,20,-0.007614305866063487,0.03335193295901018,375.34
2023-10-05,18.86290168762207,18.86290168762207,18.670913961215756,18.670913961215756,34,20,0.005115118366576965,0.03863765041042666,377.26
2023-10-06,18.95889663696289,18.95889663696289,18.95889663696289,18.95889663696289,0,20,0.005089087083765653,0.04392336786184314,379.18
2023-10-09,18.910900115966797,18.910900115966797,18.910900115966797,18.910900115966797,0,20,-0.0025316094029711467,0.04128056164778271,378.22
2023-10-10,18.622915267944336,18.622915267944336,18.622915267944336,18.622915267944336,0,20,-0.01522851087237831,0.02542340929353326,372.46
2023-10-11,19.102888107299805,19.102888107299805,19.102888107299805,19.102888107299805,0,20,0.025773238639046347,0.05185189152732006,382.06
2023-10-12,19.678855895996094,20.638800086044682,19.678855895996094,20.638800086044682,55,20,0.030150822507105213,0.08356609121252312,393.58
2023-10-13,19.294878005981445,19.294878005981445,19.294878005981445,19.294878005981445,0,20,-0.01951220599632386,0.062423326430153026,385.9
2023-10-16,19.678855895996094,19.678855895996094,19.678855895996094,19.678855895996094,100,20,0.01990050882392791,0.08356609121252312,393.58
2023-10-17,19.198883056640625,19.198883056640625,19.054891799905455,19.054891799905455,1054,20,-0.024390281726343943,0.05713760897873632,383.98
2023-10-18,19.58285903930664,19.58285903930664,18.862900972928102,18.862900972928102,100,20,0.01999991257476852,0.0782802687378108,391.66
2023-10-19,20.06283187866211,20.06283187866211,19.582859815388144,19.582859815388144,150,20,0.0245098449818828,0.10470875097159738,401.26
2023-10-20,20.06283187866211,20.06283187866211,19.054891278166032,19.054891278166032,335,20,0.0,0.10470875097159738,401.26
2023-10-23,19.198883056640625,19.29487783811346,19.198883056640625,19.29487783811346,1000,20,-0.043062157288988656,0.05713760897873632,383.98
2023-10-24,19.006893157958984,19.006893157958984,18.718910649575538,18.81490542935273,210,20,-0.010000055634238225,0.046566174075903355,380.14
2023-10-25,18.71891212463379,18.71891212463379,18.71891212463379,18.71891212463379,890,20,-0.01515139959655143,0.03070923176824536,374.38
2023-10-26,18.814905166625977,18.814905166625977,18.814905166625977,18.814905166625977,0,20,0.00512813145085822,0.035994844196366005,376.3
2023-10-27,20.6387996673584,20.6387996673584,20.254822365318113,20.254822365318113,100,20,0.09693880912924602,0.13642295065680043,412.78
2023-10-30,19.8708438873291,19.966836833947195,19.8708438873291,19.966836833947195,150,20,-0.03720932381759923,0.09413742109206003,397.42
2023-10-31,21.502748489379883,21.502748489379883,20.446809563318535,20.446809563318535,230,20,0.0821255811431032,0.1839940926496617,430.05
2023-11-01,21.022775650024414,21.022775650024414,21.022775650024414,21.022775650024414,0,20,-0.022321464606839703,0.1575656104158749,420.46
2023-11-02,21.118770599365234,21.214765377370153,21.118770599365234,21.214765377370153,100,20,0.004566235731137125,0.1628513278672914,422.38
2023-11-03,21.118770599365234,21.118770599365234,21.118770599365234,21.118770599365234,0,20,0.0,0.1628513278672914,422.38
2023-11-06,21.022775650024414,21.11877042724697,21.022775650024414,21.11877042724697,200,20,-0.004545479997955293,0.1575656104158749,420.46
2023-11-07,21.022775650024414,21.022775650024414,21.022775650024414,21.022775650024414,0,20,0.0,0.1575656104158749,420.46
2023-11-08,20.830787658691406,20.830787658691406,20.830787658691406,20.830787658691406,0,20,-0.009132380734548029,0.14699428053633756,416.62
2023-11-09,20.830787658691406,20.830787658691406,20.830787658691406,20.830787658691406,0,20,0.0,0.14699428053633756,416.62
2023-11-10,22.366697311401367,22.366697311401367,20.638798624089407,20.638798624089407,175,20,0.073732672901071,0.23156523464252254,447.33
2023-11-13,21.79073143005371,21.79073143005371,21.79073143005371,21.79073143005371,44,20,-0.025751047341891597,0.1998511399806151,435.81
2023-11-14,22.078716278076172,22.078716278076172,21.502749400284536,21.502749400284536,200,20,0.013215933065251484,0.21570829233486455,441.57
2023-11-15,22.366697311401367,22.366697311401367,21.886725250376035,21.886725250376035,500,20,0.013043377599410322,0.23156523464252254,447.33
2023-11-16,22.558687210083008,22.558687210083008,22.07871514178337,22.07871514178337,100,20,0.008583739298147153,0.2421366695453553,451.17
2023-11-17,22.366697311401367,22.366697311401367,22.366697311401367,22.366697311401367,0,20,-0.008510685790076744,0.23156523464252232,447.33
2023-11-20,21.88672637939453,21.88672637939453,21.88672637939453,21.88672637939453,200,20,-0.02145917769281802,0.20513685743203136,437.73
2023-11-21,22.462692260742188,22.462692260742188,21.406753352260896,21.406753352260896,303,20,0.026315761953779715,0.2368509520939388,449.25
2023-11-22,22.366697311401367,22.750676424980124,21.886725250376035,22.750676424980124,290,20,-0.004273528222998868,0.23156523464252232,447.33
2023-11-23,23.422636032104492,23.422636032104492,21.982719860078213,21.982719860078213,750,20,0.04721031031098466,0.28970781153821634,468.45
2023-11-24,23.134653091430664,23.134653091430664,23.134653091430664,23.134653091430664,100,20,-0.012295069618940446,0.27385076420726273,462.69
2023-11-27,23.038660049438477,23.998604218165077,23.038660049438477,23.710621699926378,3685,20,-0.0041493184104733905,0.26856515177914186,460.77
2023-11-28,23.326641082763672,23.326641082763672,23.134653359808713,23.134653359808713,210,20,0.012499903757736686,0.28442209408679986,466.53
2023-11-29,23.326641082763672,23.326641082763672,23.038658582857188,23.038658582857188,830,20,0.0,0.28442209408679986,466.53
2023-11-30,23.518630981445312,23.518630981445312,23.518630981445312,23.518630981445312,200,20,0.008230499110457146,0.2949935289896328,470.37
2023-12-01,23.230649948120117,23.614627254917924,23.230649948120117,23.326642901608402,440,20,-0.012244804281014265,0.27913658668197483,464.61
2023-12-04,23.710620880126953,23.710620880126953,23.42263654089717,23.614626100383692,550,20,0.020661106472644297,0.305564963892466,474.21
2023-12-05,24.190593719482422,24.286586671339354,23.422637287989595,23.422637287989595,575,20,0.02024294689633188,0.3319934461262526,483.81
2023-12-06,24.286584854125977,24.478574405370853,24.094597133829158,24.094597133829158,800,20,0.003968118176704616,0.3372789535310776,485.73
2023-12-07,24.958547592163086,24.958547592163086,24.382580743077387,24.382580743077387,250,20,0.027668062103962443,0.3742788706676974,499.17
2023-12-08,24.67056655883789,24.67056655883789,24.67056655883789,24.67056655883789,0,20,-0.011538373066853458,0.3584219283600394,493.41
2023-12-11,24.382579803466797,24.47857457977317,24.382579803466797,24.47857457977317,500,20,-0.011673293139995877,0.3425646709824941,487.65
2023-12-12,24.09459686279297,24.574568904557974,24.09459686279297,24.574568904557974,1100,20,-0.01181101191896361,0.3267076236515405,481.89
2023-12-13,24.09459686279297,24.09459686279297,24.09459686279297,24.09459686279297,0,20,0.0,0.3267076236515405,481.89
2023-12-14,23.326641082763672,23.326641082763672,23.326641082763672,23.326641082763672,0,20,-0.03187253077536145,0.2844220940868001,466.53
2023-12-15,24.09459686279297,24.190591637335576,24.09459686279297,24.190591637335576,120,20,0.03292183290789974,0.3267076236515405,481.89
2023-12-18,24.766557693481445,25.150536808253282,23.998603125834002,23.998603125834002,535,20,0.027888444638230148,0.3637074357648644,495.33
2023-12-19,24.862552642822266,25.43851948798514,24.862552642822266,25.054542201525933,216,20,0.00387599078276768,0.3689931532162807,497.25
2023-12-20,23.614625930786133,24.574570059428268,23.614625930786133,24.574570059428268,250,20,-0.05019302442367701,0.3002792464410493,472.29
2023-12-21,23.902606964111328,23.902606964111328,23.902606964111328,23.902606964111328,0,20,0.012195028376450257,0.3161361887487073,478.05
2023-12-22,23.80661392211914,23.80661392211914,23.80661392211914,23.80661392211914,0,20,-0.004016007213619721,0.31085057632058644,476.13
2023-12-27,25.3425235748291,25.3425235748291,24.094596991930885,24.862551530491626,443,20,0.06451609026527372,0.3954215304267714,506.85
2023-12-28,24.286584854125977,24.286584854125977,24.286584854125977,24.286584854125977,0,20,-0.041666676074513465,0.3372789535310774,485.73
2023-12-29,24.574569702148438,24.670564479806647,24.574569702148438,24.670564479806647,200,20,0.011857774559585144,0.35313610588532685,491.49
2024-01-02,25.3425235748291,25.3425235748291,24.574569036268358,24.574569036268358,900,20,0.031249941788951352,0.39542153042677164,506.85
2024-01-03,24.958547592163086,25.054542372168726,24.958547592163086,25.054542372168726,26,20,-0.01515145015184638,0.37427887066769716,499.17
2024-01-04,24.862552642822266,24.862552642822266,24.862552642822266,24.862552642822266,0,20,-0.0038461753027232426,0.3689931532162807,497.25
2024-01-05,24.67056655883789,24.67056655883789,24.574571773090035,24.574571773090035,82,20,-0.0077218975357222774,0.35842192836003917,493.41
2024-01-08,25.3425235748291,25.3425235748291,25.054541080605834,25.054541080605834,100,20,0.027237194346089844,0.39542153042677164,506.85
2024-01-09,24.67056655883789,25.43852118292423,24.67056655883789,25.43852118292423,661,20,-0.026515000134344047,0.35842192836003917,493.41
2024-01-10,24.286584854125977,24.286584854125977,24.286584854125977,24.286584854125977,0,20,-0.015564365082420761,0.3372789535310774,485.73
2024-01-11,25.246530532836914,25.246530532836914,24.478575941559416,24.478575941559416,160,20,0.039525758128477806,0.39013591799865077,504.93
2024-01-12,24.190593719482422,24.190593719482422,24.190593719482422,24.190593719482422,0,20,-0.0418250266895519,0.33199344612625237,483.81
2024-01-15,24.574569702148438,25.15053653714959,24.574569702148438,25.15053653714959,1000,20,0.015872945787055004,0.35313610588532685,491.49
2024-01-16,24.958547592163086,24.958547592163086,24.094598234008608,24.094598234008608,1040,20,0.015625009701841552,0.37427887066769716,499.17
2024-01-17,24.478574752807617,24.6705643067775,24.38257997582268,24.38257997582268,1100,20,-0.019230800092958078,0.3478503884339106,489.57
2024-01-18,24.190593719482422,24.190593719482422,24.190593719482422,24.190593719482422,0,20,-0.011764616046208487,0.3319934461262526,483.81
2024-01-19,23.902606964111328,23.902606964111328,23.902606964111328,23.902606964111328,0,20,-0.01190490645705633,0.3161361887487075,478.05
2024-01-22,23.80661392211914,23.902608702238197,23.80661392211914,23.902608702238197,20,20,-0.004016007213619721,0.31085057632058666,476.13
2024-01-23,23.80661392211914,23.80661392211914,23.80661392211914,23.80661392211914,0,20,0.0,0.31085057632058666,476.13
2024-01-24,23.99860382080078,23.99860382080078,23.99860382080078,23.99860382080078,2000,20,0.008064561357180589,0.3214220112234196,479.97
2024-01-25,24.382579803466797,24.382579803466797,24.382579803466797,24.382579803466797,0,20,0.015999930059814815,0.3425646709824941,487.65
2024-01-26,24.382579803466797,24.382579803466797,24.190592081802123,24.190592081802123,388,20,0.0,0.3425646709824941,487.65
2024-01-29,22.846670150756836,23.90260908717545,22.55868763671002,23.90260908717545,2006,20,-0.06299208964309755,0.2579937168763091,456.93
2024-01-30,23.326641082763672,23.326641082763672,22.750676082950708,22.750676082950708,25,20,0.021008353901889487,0.2844220940868001,466.53
2024-01-31,22.558687210083008,22.846669718683536,22.558687210083008,22.846669718683536,830,20,-0.03292175114093532,0.2421366695453555,451.17
2024-02-01,22.654682159423828,22.654682159423828,22.558687378856085,22.558687378856085,400,20,0.004255342895038483,0.247422386996772,453.09
2024-02-02,22.558687210083008,22.558687210083008,22.558687210083008,22.558687210083008,0,20,-0.004237311680883038,0.2421366695453555,451.17
2024-02-05,22.558687210083008,22.558687210083008,22.366697650383898,22.366697650383898,55,20,0.0,0.2421366695453555,451.17
2024-02-06,22.27070426940918,22.65468155040973,22.27070426940918,22.65468155040973,200,20,-0.012765944134599638,0.2262796222144019,445.41
2024-02-07,22.078716278076172,22.366698801497872,22.078716278076172,22.366698801497872,100,20,-0.008620652001415152,0.21570829233486477,441.57
2024-02-08,21.502748489379883,21.502748489379883,21.502748489379883,21.502748489379883,0,20,-0.02608701436451799,0.1839940926496615,430.05
2024-02-09,21.79073143005371,21.79073143005371,21.79073143005371,21.79073143005371,0,20,0.013392843283083655,0.19985113998061532,435.81
2024-02-12,22.27070426940918,22.27070426940918,22.27070426940918,22.27070426940918,0,20,0.022026467578481146,0.2262796222144019,445.41
2024-02-13,21.694738388061523,22.078715685975816,21.694738388061523,21.79073317027714,855,20,-0.025862041648085476,0.19456552755249445,433.89
2024-02-14,21.694738388061523,21.694738388061523,21.694738388061523,21.694738388061523,0,20,0.0,0.19456552755249445,433.89
2024-02-15,22.27070426940918,22.27070426940918,21.6947374324343,21.6947374324343,220,20,0.026548643779203518,0.2262796222144019,445.41
2024-02-16,21.88672637939453,21.88672637939453,21.88672637939453,21.88672637939453,0,20,-0.017241389646670324,0.2051368574320318,437.73
2024-02-19,21.694738388061523,21.694738388061523,21.694738388061523,21.694738388061523,0,20,-0.008771891602471715,0.19456552755249468,433.89
2024-02-20,22.27070426940918,22.27070426940918,22.27070426940918,22.27070426940918,0,20,0.026548643779203518,0.22627962221440212,445.41
2024-02-21,23.326641082763672,23.326641082763672,23.038658582857188,23.038658582857188,379,20,0.04741371447354337,0.2844220940868003,466.53
2024-02-22,23.518630981445312,23.518630981445312,23.518630981445312,23.518630981445312,0,20,0.008230499110457146,0.29499352898963327,470.37
2024-02-23,23.902606964111328,23.902606964111328,23.902606964111328,23.902606964111328,0,20,0.016326459774335778,0.31613618874870775,478.05
2024-02-26,24.958547592163086,24.958547592163086,24.766558032151806,24.766558032151806,1500,20,0.04417679751991921,0.3742788706676976,499.17
2024-02-27,24.574569702148438,24.574569702148438,24.574569702148438,24.574569702148438,0,20,-0.015384624790234835,0.3531361058853275,491.49
2024-02-28,24.766557693481445,24.766557693481445,24.766557693481445,24.766557693481445,0,20,0.007812466043555011,0.36370743576486486,495.33
2024-02-29,25.054542541503906,25.054542541503906,24.670565249834315,24.670565249834315,100,20,0.011627972348303262,0.3795645881191143,501.09
2024-03-01,26.39846420288086,26.39846420288086,24.862553192159975,24.862553192159975,560,20,0.05363984032638758,0.45356421234576216,527.97
2024-03-04,26.01448631286621,26.01448631286621,26.01448631286621,26.01448631286621,415,20,-0.014545463215725474,0.43242144756339185,520.29
2024-03-05,26.01448631286621,26.01448631286621,26.01448631286621,26.01448631286621,120,20,0.0,0.43242144756339185,520.29
2024-03-06,28.798324584960938,28.798324584960938,26.494458984353695,26.494458984353695,200,20,0.10701107985045621,0.585706413468104,575.97
2024-03-07,27.646390914916992,28.510342118653536,27.646390914916992,28.4143473370219,843,20,-0.04000002384324497,0.5222781191209933,552.93
2024-03-08,27.45440101623535,27.45440101623535,27.45440101623535,27.45440101623535,0,20,-0.006944483251810296,0.5117066842181603,549.09
2024-03-11,28.126361846923828,28.510340957816137,27.838379344702695,28.510340957816137,1468,20,0.0244755232609557,0.548706496331484,562.53
2024-03-12,27.93437385559082,27.93437385559082,27.93437385559082,27.93437385559082,0,20,-0.00682590917296344,0.5381351664519469,558.69
2024-03-13,27.74238395690918,27.74238395690918,27.74238395690918,27.74238395690918,0,20,-0.006872890714291646,0.527563731549114,554.85
2024-03-14,28.030370712280273,28.030370712280273,28.030370712280273,28.030370712280273,0,20,0.010380750112117587,0.5434209889266592,560.61
2024-03-15,28.990314483642578,28.990314483642578,27.358408672549807,27.838380754524362,829,20,0.034246559962253675,0.596277848370937,579.81
2024-03-18,31.198184967041016,31.198184967041016,28.7023298034881,28.7023298034881,1100,20,0.07615890074749632,0.7178486145904461,623.96
2024-03-19,31.198184967041016,31.198184967041016,30.718212890625,30.718212890625,171,20,0.0,0.7178486145904461,623.96
2024-03-20,31.102191925048828,31.29417782553356,31.102191925048828,31.29417782553356,568,20,-0.0030768790586246375,0.7125630021623255,622.04
2024-03-21,33.21406555175781,33.21406555175781,30.718212269610465,30.718212269610465,100,20,0.06790111873138249,0.8288479459071223,664.28
2024-03-22,32.0621337890625,32.63809877324367,32.0621337890625,32.63809877324367,356,20,-0.03468204640290862,0.7654197565833074,641.24
2024-03-25,32.8300895690918,32.92608251613657,31.67815589507352,31.67815589507352,240,20,0.0239521107697227,0.8077052861480476,656.6
2024-03-26,33.40605545043945,33.40605545043945,32.44611130725501,32.44611130725501,10,20,0.017543841302519736,0.839419380809955,668.12
2024-03-27,35.709922790527344,35.709922790527344,33.50205199780605,33.50205199780605,50,20,0.06896556055550662,0.9662759695041765,714.2
2024-03-28,35.709922790527344,35.709922790527344,34.46199613915412,35.03796115920444,141,20,0.0,0.9662759695041765,714.2
2024-04-02,35.5179328918457,35.5179328918457,35.22995038456134,35.22995038456134,150,20,-0.005376373950956026,0.9557045346013435,710.36
2024-04-03,35.80591583251953,36.09389834328959,35.80591583251953,36.09389834328959,200,20,0.008108099690113058,0.9715615819322974,716.12
2024-04-04,38.30177307128906,38.30177307128906,37.05384274607051,37.05384274607051,222,20,0.06970516409756944,1.1089896055293518,766.04
2024-04-05,38.781742095947266,38.781742095947266,37.82179802091784,37.82179802091784,275,20,0.012531248194825428,1.135417877716547,775.63
2024-04-08,39.16571807861328,39.35770762869344,38.39776354018873,38.39776354018873,558,20,0.009900947247703407,1.1565605374756212,783.31
2024-04-09,40.22166061401367,40.7016326802339,38.58975485648564,38.58975485648564,1250,20,0.0269608879194021,1.2147033244179068,804.43
2024-04-10,41.66157531738281,41.757568262423035,39.93367301148979,39.93367301148979,570,20,0.03579948419303847,1.2939885610726756,833.23
2024-04-11,41.46958541870117,41.46958541870117,40.605634272977696,40.89361676758682,459,20,-0.004608320670042798,1.2834171261698426,829.39
2024-04-12,41.757568359375,41.757568359375,40.89361720442258,40.89361720442258,195,20,0.006944437417596205,1.2992741735007964,835.15
2024-04-15,42.621517181396484,42.621517181396484,41.66157313372446,41.853559013742114,202,20,0.020689634381632294,1.3468453154936575,852.43
2024-04-16,43.869449615478516,43.869449615478516,43.00549839153418,43.00549839153418,15,20,0.0292793996227505,1.4155595373387762,877.39
2024-04-17,43.77345275878906,43.77345275878906,41.949561029945755,41.949561029945755,222,20,-0.0021882393677349343,1.410273714864064,875.47
2024-04-18,44.54140853881836,44.54140853881836,43.581464420842934,43.581464420842934,35,20,0.017543870351308,1.4525592444288047,890.83
2024-04-19,44.63740158081055,44.92538408443654,44.25342246804509,44.25342246804509,210,20,0.002155141589393894,1.4578448568569256,892.75
2024-04-22,44.925384521484375,45.021381131557725,43.581464937523634,44.925384521484375,572,20,0.006451606286993927,1.4737019041878794,898.51
2024-04-23,45.02138137817383,45.02138137817383,44.44541270026743,44.44541270026743,149,20,0.0021368065674216563,1.4789877266625915,900.43
2024-04-24,45.309364318847656,45.309364318847656,43.965441052795576,43.965441052795576,500,20,0.006396581620959241,1.4948447739935449,906.19
2024-04-25,41.2775993347168,45.40535853580919,38.973731860578695,45.40535853580919,2975,20,-0.0889830401450531,1.2728459013136013,825.55
2024-04-26,43.67745590209961,44.06143500116222,43.29347680303701,43.29347680303701,1300,20,0.058139441393443514,1.404987892389352,873.55
2024-04-29,43.005496978759766,44.54140980843823,41.853563271975,44.349420246991386,452,20,-0.015384571043835504,1.3679881852993239,860.11
2024-04-30,43.96543884277344,44.15742839425813,43.101491353936495,43.101491353936495,225,20,0.022321375904289287,1.4208449397203058,879.31
2024-05-02,42.14154815673828,43.677457277564486,42.14154815673828,43.48546772198716,802,20,-0.04148464644143879,1.3204170433064628,842.83
2024-05-03,41.18160629272461,42.23754341329852,41.18160629272461,42.23754341329852,505,20,-0.022778989050030396,1.267560288885481,823.63
2024-05-06,42.71751403808594,42.71751403808594,40.989615326228005,40.989615326228005,426,20,0.0372959649617326,1.35213113796837,854.35
2024-05-07,42.90950393676758,42.90950393676758,42.90950393676758,42.90950393676758,267,20,0.004494407106894638,1.3627025728712034,858.19
2024-05-08,43.99456787109375,44.0932126610759,43.10678733873825,43.10678733873825,152,20,0.02528726353782007,1.422448855492883,879.89
2024-05-09,42.2190055847168,43.50135782836035,42.2190055847168,43.008145137504044,326,20,-0.04035867090635914,1.3246820393465595,844.38
2024-05-10,42.61357498168945,42.71221600946159,41.42986383385369,42.21900334477286,550,20,0.009345776659303695,1.346407998490187,852.27
2024-05-13,41.03529357910156,42.51493162300543,41.03529357910156,42.51493162300543,125,20,-0.037037056930005474,1.2595039518690858,820.71
2024-05-14,42.90950393676758,42.90950393676758,40.44344049212576,40.44344049212576,275,20,0.04567313144849816,1.3627025728712034,858.19
2024-05-15,43.402713775634766,44.29049806257469,42.51492948869484,43.10678693429277,178,20,0.011494186453285371,1.389859916777442,868.05
2024-05-16,41.62715148925781,43.402716407907555,41.62715148925781,43.402716407907555,51,20,-0.04090901540294267,1.292093100631118,832.54
2024-05-17,43.402713775634766,43.402713775634766,42.31764743640947,42.31764743640947,200,20,0.042653946351220995,1.3898599167774415,868.05
2024-05-20,43.69864273071289,43.69864273071289,43.106789019400495,43.106789019400495,25,20,0.006818213179201171,1.4061544911584583,873.97
2024-05-21,43.402713775634766,43.501354801777445,43.30407274949208,43.501354801777445,26,20,-0.006772039967047672,1.389859916777442,868.05
2024-05-22,42.712215423583984,43.205428081507385,42.61357439716488,42.810860212917035,873,20,-0.015909105490966136,1.351839383252798,854.24
2024-05-23,43.5013542175293,43.5013542175293,43.304072167893544,43.304072167893544,10,20,0.018475716750332216,1.3952913015400528,870.03
2024-05-24,43.00814437866211,43.00814437866211,43.00814437866211,43.00814437866211,120,20,-0.01133780425319364,1.3681339576338143,860.16
2024-05-27,43.60000228881836,43.60000228881836,43.30407542916431,43.30407542916431,50,20,0.013761530954353285,1.400723106395847,872.0
2024-05-28,43.20542907714844,43.20542907714844,43.20542907714844,43.20542907714844,0,20,-0.009049843829276871,1.378996937205628,864.11
2024-05-29,42.712215423583984,43.50135492367864,42.51492960783183,43.50135492367864,104,20,-0.011415548094286021,1.351839383252798,854.24
2024-05-30,42.712215423583984,42.712215423583984,42.712215423583984,42.712215423583984,0,20,0.0,1.351839383252798,854.24
2024-05-31,41.13393783569336,41.72579154035665,41.13393783569336,41.72579154035665,90,20,-0.036951433500664654,1.264935546678288,822.68
2024-06-03,40.44343948364258,40.44343948364258,40.44343948364258,40.44343948364258,0,20,-0.01678658519903753,1.2269150131536444,808.87
2024-06-04,39.35837173461914,39.35837173461914,39.16108591822956,39.16108591822956,60,20,-0.02682926484188608,1.1671685204853732,787.17
2024-06-05,40.93665313720703,40.93665313720703,39.65430089994965,39.65430089994965,34,20,0.040100271759963446,1.2540725671064745,818.73
2024-06-06,43.402713775634766,43.402713775634766,41.33122212332687,41.33122212332687,388,20,0.06024089536978661,1.389859916777442,868.05
2024-06-07,44.29050064086914,44.29050064086914,43.00814464888047,43.00814464888047,580,20,0.020454639537603292,1.438743639920491,885.81
2024-06-10,44.191856384277344,44.290501180277786,44.093215351191105,44.290501180277786,319,20,-0.0022272102406711847,1.4333120451112884,883.84
2024-06-11,43.99456787109375,43.99456787109375,43.99456787109375,43.99456787109375,150,20,-0.004464363557575846,1.4224488554928834,879.89
2024-06-12,45.27692413330078,45.27692413330078,44.19185401300448,44.19185401300448,266,20,0.0291480590504809,1.49305853777956,905.54
2024-06-13,45.67149353027344,46.55927786167172,44.98099502395412,44.98099502395412,1060,20,0.008714580429779017,1.5147844969231872,913.43
2024-06-14,43.00814437866211,45.375566758166904,43.00814437866211,45.375566758166904,24,20,-0.05831535046792202,1.3681339576338147,860.16
2024-06-17,43.402713775634766,43.402713775634766,42.02171683215354,42.02171683215354,51,20,0.009174294838175223,1.389859916777442,868.05
2024-06-18,45.27692413330078,45.27692413330078,43.698641348209975,43.698641348209975,325,20,0.0431818703170157,1.4930585377795595,905.54
2024-06-19,45.27692413330078,45.27692413330078,44.88235249629958,44.88235249629958,50,20,0.0,1.4930585377795595,905.54
2024-06-20,45.474205017089844,45.474205017089844,44.68506552633631,44.68506552633631,200,20,0.004357205962318478,1.5039213073047817,909.48
2024-06-21,45.07963943481445,45.07963943481445,45.07963943481445,45.07963943481445,0,20,-0.008676690051582114,1.4821955582077457,901.59
2024-06-24,46.9538459777832,46.9538459777832,43.50135719227226,44.38914152799788,724,20,0.041575455493136015,1.5853939691632717,939.08
2024-06-25,46.46063232421875,46.75656293855882,46.46063232421875,46.75656293855882,100,20,-0.010504222674279418,1.5582364152104415,929.21
2024-06-26,49.222625732421875,49.222625732421875,46.06606390714929,46.06606390714929,111,20,0.059448037403558196,1.7103185493090165,984.45
2024-06-27,47.940269470214844,49.222625407871035,47.940269470214844,49.222625407871035,200,20,-0.026052170990999546,1.6397088670223403,958.81
2024-06-28,47.940269470214844,47.940269470214844,47.74298741480374,47.74298741480374,230,20,0.0,1.6397088670223403,958.81
2024-07-01,47.052490234375,47.4470581190315,46.55927755636879,47.4470581190315,43,20,-0.018518444840853854,1.5908255639724742,941.05
2024-07-02,47.54570388793945,47.54570388793945,46.75656433952052,46.75656433952052,58,20,0.010482200859246449,1.6179831179253044,950.91
2024-07-03,47.54570388793945,47.54570388793945,47.54570388793945,47.54570388793945,0,20,0.0,1.6179831179253044,950.91
2024-07-04,47.44705581665039,47.44705581665039,47.44705581665039,47.44705581665039,0,20,-0.0020748051500418807,1.6125513130695102,948.94
2024-07-05,46.85520553588867,47.54570405426356,46.85520553588867,47.54570405426356,328,20,-0.012473909509766123,1.5799625844006604,937.1
2024-07-08,44.68506622314453,46.55927583545983,44.68506622314453,46.55927583545983,1120,20,-0.04631586368950891,1.4604693890175264,893.7
2024-07-09,45.67149353027344,45.86877935535241,44.78371296178929,45.86877935535241,1343,20,0.022075100039081752,1.5147844969231867,913.43
2024-07-10,45.37556457519531,45.37556457519531,44.38913925834324,44.9809929432889,200,20,-0.006479511226887502,1.4984899225421704,907.51
2024-07-11,46.164703369140625,46.164703369140625,46.164703369140625,46.164703369140625,0,20,0.017391272182136097,1.5419418408294252,923.29
2024-07-12,47.34841537475586,47.34841537475586,47.34841537475586,47.34841537475586,0,20,0.02564106166024893,1.6071199283068993,946.97
2024-07-15,49.02534103393555,49.02534103393555,48.03891567616185,48.03891567616185,22,20,0.03541672188830525,1.6994555697372031,980.51
2024-07-16,50.8995475769043,51.491405056537324,48.33484312057031,48.82805580547409,338,20,0.03822934228384911,1.8026539806927295,1017.99
2024-07-17,50.11040496826172,50.11040496826172,50.11040496826172,50.11040496826172,0,20,-0.015503921865911652,1.759201852358883,1002.21
2024-07-18,49.91312026977539,50.89954560129597,49.91312026977539,50.89954560129597,80,20,-0.003937000681021874,1.7483388727870692,998.26
2024-07-19,50.11040496826172,50.11040496826172,48.532125978282586,49.91311915378584,437,20,0.003952561919992714,1.759201852358883,1002.21
2024-07-22,51.688690185546875,51.688690185546875,50.30769318128707,50.30769318128707,390,20,0.03149615769987868,1.846106109026576,1033.77
2024-07-23,51.49140167236328,52.0832553501837,51.096830045207064,51.096830045207064,284,20,-0.003816860370719155,1.835242919408171,1029.83
2024-07-24,47.24977493286133,51.096831471939915,46.95384432277419,50.89954565285316,233,20,-0.08237543748548881,1.6016885435442885,945.0
2024-07-25,46.164703369140625,46.85520183294576,46.164703369140625,46.85520183294576,94,20,-0.022964586926869313,1.5419418408294256,923.29
2024-07-26,46.85520553588867,47.54570405426356,46.85520553588867,47.0524913644121,24,20,0.014957361714786233,1.5799625844006608,937.1
2024-07-29,47.74298858642578,48.532128116177844,46.3619915871741,48.334842293011306,438,20,0.01894737287743009,1.6288460974971182,954.86
2024-07-30,48.82805252075195,48.92669354593134,47.05248772712557,47.05248772712557,303,20,0.02272718919474337,1.688592380118798,976.56
2024-07-31,50.11040496826172,50.11040496826172,48.82805281853943,48.82805281853943,1,20,0.02626261710857225,1.759201852358883,1002.21
2024-08-01,51.29411697387695,51.29411697387695,50.70226328319013,50.70226328319013,10,20,0.023622080211983087,1.8243799398363567,1025.88
2024-08-02,50.8995475769043,51.09683340344864,50.307693860185424,50.50497968672977,470,20,-0.0076922933905578805,1.802653980692729,1017.99
2024-08-05,45.67149353027344,47.44705843015587,45.67149353027344,46.36199203659275,444,20,-0.10271317321105411,1.5147844969231863,913.43
2024-08-06,49.321266174316406,49.91311986324261,49.321266174316406,49.91311986324261,148,20,0.07991358201639964,1.7157499340716278,986.43
2024-08-07,50.11040496826172,50.11040496826172,50.11040496826172,50.11040496826172,0,20,0.01599997029995648,1.7592018523588826,1002.21
2024-08-08,51.096832275390625,51.096832275390625,49.715839045896544,50.702264393926924,81,20,0.019685079530961325,1.813516960264543,1021.94
2024-08-09,51.49140167236328,51.49140167236328,50.307690553808534,50.307690553808534,600,20,0.007721993309606656,1.8352429194081705,1029.83
2024-08-12,50.30769348144531,51.68869049394476,50.30769348144531,51.68869049394476,89,20,-0.022988463170022677,1.770065041977288,1006.15
2024-08-13,49.91312026977539,50.70226354532306,49.91312026977539,50.70226354532306,9,20,-0.007843198214115055,1.7483388727870692,998.26
2024-08-14,51.49140167236328,51.49140167236328,49.518551062410005,49.518551062410005,275,20,0.031620571786685314,1.8352429194081705,1029.83
2024-08-15,51.49140167236328,51.49140167236328,49.71583687598812,49.71583687598812,430,20,0.0,1.8352429194081705,1029.83
2024-08-16,51.29411697387695,51.29411697387695,51.29411697387695,51.29411697387695,0,20,-0.0038314105283371314,1.8243799398363567,1025.88
2024-08-19,51.29411697387695,51.29411697387695,50.89954533814307,50.89954533814307,202,20,0.0,1.8243799398363567,1025.88
2024-08-20,50.70226287841797,51.29411656437984,50.70226287841797,51.29411656437984,5,20,-0.01153844008583682,1.7917910011209157,1014.05
2024-08-21,50.70226287841797,50.70226287841797,50.70226287841797,50.70226287841797,0,20,0.0,1.7917910011209157,1014.05
2024-08-22,49.5185546875,50.11040840864808,49.5185546875,49.71584051552075,120,20,-0.023346259589171692,1.7266131236900333,990.37
2024-08-23,49.321266174316406,49.321266174316406,49.123980357036345,49.22262514713337,120,20,-0.003984133107854948,1.7157499340716282,986.43
2024-08-26,50.30769348144531,50.30769348144531,49.32126811906403,49.32126811906403,50,20,0.020000040218808968,1.7700650419772885,1006.15
2024-08-27,49.91312026977539,49.91312026977539,49.91312026977539,49.91312026977539,0,20,-0.007843198214115055,1.7483388727870697,998.26
2024-08-28,48.92669677734375,48.92669677734375,48.92669677734375,48.92669677734375,0,20,-0.01976280959996335,1.694023974928001,978.53
2024-08-29,46.9538459777832,46.9538459777832,46.9538459777832,46.9538459777832,0,20,-0.040322583160245284,1.5853939691632721,939.08
2024-08-30,47.54570388793945,48.43348446881793,47.54570388793945,48.43348446881793,584,20,0.012605099706556322,1.6179831179253044,950.91
2024-09-02,48.92669677734375,48.92669677734375,47.34841769275104,47.34841769275104,56,20,0.02904558722401429,1.6940239749280006,978.53
2024-09-03,48.72941207885742,48.72941207885742,48.72941207885742,48.72941207885742,0,20,-0.004032250519264258,1.6831609953561868,974.59
2024-09-04,48.236202239990234,48.729414926440384,47.3484178992143,47.3484178992143,82,20,-0.010121399332071568,1.6560036514499483,964.72
2024-09-05,46.36199188232422,48.33484260072099,46.36199188232422,48.33484260072099,350,20,-0.03885484906836634,1.5528050304478307,927.24
2024-09-06,40.93665313720703,45.77013898869353,40.93665313720703,45.77013898869353,285,20,-0.11702126083986542,1.2540725671064745,818.73
2024-09-09,42.90950393676758,42.90950393676758,41.82443752629086,41.82443752629086,100,20,0.04819277220705276,1.3627025728712034,858.19
2024-09-10,43.5013542175293,43.5013542175293,43.5013542175293,43.5013542175293,0,20,0.013792988183547461,1.3952913015400532,870.03
2024-09-11,42.317649841308594,42.317649841308594,42.317649841308594,42.317649841308594,0,20,-0.027210747745956776,1.3301136341557624,846.35
2024-09-12,43.20542907714844,43.20542907714844,42.51493058756079,42.51493058756079,799,20,0.020978935247326413,1.3789969372056285,864.11
2024-09-13,42.81085968017578,42.81085968017578,42.81085968017578,42.81085968017578,0,20,-0.009132403158596203,1.3572709780620014,856.22
2024-09-16,41.725791931152344,41.725791931152344,41.725791931152344,41.725791931152344,0,20,-0.025345619245433992,1.2975244853937302,834.52
2024-09-17,40.24615478515625,41.62715182347965,40.24615478515625,40.542081646821494,153,20,-0.035460972159318094,1.2160520335818314,804.92
2024-09-18,39.950225830078125,39.950225830078125,39.950225830078125,39.950225830078125,0,20,-0.007352974629697306,1.1997574592008151,799.0
2024-09-19,40.73936462402344,40.73936462402344,39.85158410116779,39.85158410116779,20,20,0.01975304963986413,1.2432093774880704,814.79
2024-09-20,41.23257827758789,41.33122306890131,40.64072458136349,40.64072458136349,2525,20,0.012106562243084484,1.2703669314409005,824.65
2024-09-23,42.0217170715332,42.0217170715332,41.13393654244992,41.13393654244992,60,20,0.01913872056781507,1.3138188497281558,840.43
2024-09-24,44.38914108276367,44.38914108276367,43.008144077245376,43.008144077245376,300,20,0.056338107440979224,1.4441750246831035,887.78
2024-09-25,42.90950393676758,43.895929314624304,42.51493228045921,43.895929314624304,1298,20,-0.033333313281221355,1.3627025728712048,858.19
2024-09-26,43.79728698730469,43.79728698730469,43.50135637236437,43.50135637236437,2,20,0.02068966007729589,1.4115860859676626,875.95
2024-09-27,42.90950393676758,42.90950393676758,42.90950393676758,42.90950393676758,0,20,-0.020270274978321123,1.3627025728712048,858.19
2024-09-30,46.65791702270508,46.953843867005716,45.47420588258855,45.47420588258855,30,20,0.08735624376970774,1.5690993947822576,933.16
2024-10-01,49.12398147583008,49.12398147583008,46.46063228917669,46.46063228917669,9,20,0.05285414803076072,1.7048869544998166,982.48
2024-10-02,51.688690185546875,51.688690185546875,47.64434396616552,47.64434396616552,500,20,0.0522088933483269,1.8461061090265782,1033.77
2024-10-03,50.30769348144531,51.68869049394476,50.30769348144531,51.68869049394476,78,20,-0.02671757978668443,1.7700650419772908,1006.15
2024-10-04,50.50497817993164,50.50497817993164,49.91312071795647,49.91312071795647,65,20,0.003921561193400702,1.7809280215491046,1010.1
2024-10-07,51.096832275390625,51.096832275390625,50.30769274954914,50.30769274954914,180,20,0.011718727871743884,1.8135169602645456,1021.94
2024-10-08,50.11040496826172,50.11040496826172,50.11040496826172,50.11040496826172,0,20,-0.019305057930254388,1.7592018523588853,1002.21
2024-10-09,52.083255767822266,52.083255767822266,50.899544639775726,50.899544639775726,107,20,0.03937008293607058,1.8678318581236142,1041.67
2024-10-10,53.46425247192383,53.46425247192383,51.88596972061559,51.88596972061559,473,20,0.02651517620668331,1.9438729251729017,1069.29
2024-10-11,53.66154098510742,54.253394694794075,53.266969336706914,53.266969336706914,107,20,0.0036901014053680736,1.9547361147913072,1073.23
2024-10-14,57.607242584228516,58.79095000702864,54.450680676628544,54.450680676628544,612,20,0.07352941281011915,2.171996126320765,1152.14
2024-10-15,55.23981857299805,59.777373593471566,55.23981857299805,58.19909456798008,448,20,-0.04109594393047056,2.041639951365817,1104.8
2024-10-16,56.42353057861328,56.62081640051788,56.42353057861328,56.62081640051788,115,20,0.021428600531172792,2.1068180388432913,1128.47
2024-10-17,58.79094696044922,59.18551858954509,57.21266796989359,58.0018074651714,427,20,0.04195796253014494,2.2371737937050566,1175.82
2024-10-18,59.777374267578125,59.777374267578125,58.790948924793575,59.18552056707302,564,20,0.01677855789246796,2.291488901610717,1195.55
2024-10-21,58.98823547363281,60.171946652159754,58.98823547363281,59.77737500501274,125,20,-0.013201295701161686,2.248036983323462,1179.76
2024-10-22,57.40995407104492,59.185518885012506,56.818096624446426,58.39637938579513,138,20,-0.026755867333807082,2.1611329367023604,1148.2
2024-10-23,57.015384674072266,57.409956320598845,57.015384674072266,57.409956320598845,219,20,-0.006872839446699031,2.1394069775587328,1140.31
2024-10-24,54.84524917602539,56.81809991995313,54.84524917602539,56.81809991995313,100,20,-0.03806227933832995,2.01991399222219,1096.9
2024-10-25,54.253395080566406,55.23982044566761,54.253395080566406,55.23982044566761,606,20,-0.010791346640789845,1.987325053506749,1085.07
2024-10-28,55.437103271484375,56.22624276828097,54.64796377468778,54.64796377468778,24,20,0.021818140397668273,2.052502930937631,1108.74
2024-10-29,54.450679779052734,55.437105123735165,54.450679779052734,55.437105123735165,50,20,-0.017793561247256506,1.9981880330785624,1089.01
2024-10-30,54.64796447753906,54.64796447753906,54.64796447753906,54.64796447753906,18,20,0.003623181552312227,2.009051012650376,1092.96
2024-10-31,52.083255767822266,52.083255767822266,51.096830454935805,51.68868790041605,101,20,-0.04693145909891894,1.8678318581236142,1041.67
2024-11-01,51.49140167236328,51.49140167236328,51.49140167236328,51.49140167236328,150,20,-0.011363615556165718,1.8352429194081732,1029.83
2024-11-04,51.49140167236328,51.49140167236328,50.50497636738665,50.50497636738665,300,20,0.0,1.8352429194081732,1029.83
2024-11-05,53.858821868896484,53.858821868896484,50.89954585933263,50.89954585933263,43,20,0.04597700042420594,1.9655988843165297,1077.18
2024-11-06,55.63439178466797,55.63439178466797,54.647966425102325,54.647966425102325,20,20,0.03296711391299256,2.0633661205560365,1112.69
2024-11-07,53.858821868896484,55.437104665078955,53.858821868896484,55.437104665078955,20,20,-0.031914969478659905,1.9655988843165297,1077.18
2024-11-08,53.46425247192383,54.845245646040375,53.46425247192383,54.845245646040375,500,20,-0.0073259938350140885,1.943872925172902,1069.29
2024-11-11,53.06968307495117,55.04253377485949,53.06968307495117,53.858822602331685,339,20,-0.007380060109881126,1.9221469660292745,1061.39
2024-11-12,52.872398376464844,52.872398376464844,52.083258832306925,52.67511631261099,55,20,-0.0037174651713616225,1.9112839864574607,1057.45
2024-11-13,54.84524917602539,56.02896037496487,52.872398432097654,52.872398432097654,59,20,0.037313434989526106,2.0199139922221896,1096.9
2024-11-14,57.015384674072266,57.21267049733556,54.450680260391835,55.63439143705745,2509,20,0.039568340570061755,2.139406977558732,1140.31
2024-11-15,58.593666076660156,58.593666076660156,55.23981845124065,56.620815417687275,379,20,0.027681675947818674,2.2263110241798336,1171.87
2024-11-18,56.62081527709961,58.1990942951935,55.634389950062435,58.1990942951935,217,20,-0.03367003520447753,2.1176810184151047,1132.42
2024-11-19,59.97465896606445,59.97465896606445,56.62081512112533,56.62081512112533,255,20,0.059233405109963444,2.30235188118253,1199.49
2024-11-20,59.38280487060547,59.77737273988714,59.18551905450765,59.58009068670329,1286,20,-0.009868402849841584,2.2697629424670884,1187.66
2024-11-21,59.18552017211914,59.18552017211914,59.18552017211914,59.18552017211914,0,20,-0.0033222529470645634,2.2588999628952746,1183.71
2024-11-22,59.18552017211914,59.18552017211914,59.18552017211914,59.18552017211914,0,20,0.0,2.2588999628952746,1183.71
2024-11-25,57.40995407104492,58.988233069479676,57.40995407104492,58.988233069479676,52,20,-0.030000008378918364,2.1611329367023595,1148.2
2024-11-26,56.81809997558594,57.015385802754714,56.620817911331336,56.620817911331336,1507,20,-0.010309259170048546,2.128543997986918,1136.36
2024-11-27,57.607242584228516,58.00181047085718,57.607242584228516,58.00181047085718,500,20,0.013888929918136395,2.1719961263207646,1152.14
2024-11-28,56.42353057861328,56.818098459508406,56.42353057861328,56.818098459508406,200,20,-0.02054797196523528,2.1068180388432904,1128.47
2024-11-29,56.02895736694336,56.423528999711245,56.02895736694336,56.423528999711245,410,20,-0.0069930613632936955,2.0850918696530716,1120.58
2024-12-02,57.80452346801758,57.80452346801758,56.02895860708964,56.02895860708964,100,20,0.03169015067415448,2.1828588958459862,1156.09
2024-12-03,61.947509765625,61.947509765625,57.409954767864555,57.409954767864555,181,20,0.07167235449834086,2.4109818869472575,1238.95
2024-12-04,61.75022506713867,63.52579369775982,61.158371365540994,62.342082531650405,1336,20,-0.0031847074924035157,2.4001189073754436,1235.0
2024-12-05,59.97465896606445,63.920364026257865,59.97465896606445,61.7502237972574,370,20,-0.028754002097056586,2.3023518811825285,1199.49
2024-12-06,59.38280487060547,60.17194437208278,58.98823323840983,60.17194437208278,305,20,-0.009868402849841584,2.269762942467087,1187.66
2024-12-09,58.98823547363281,59.58009294435333,58.39638176582639,59.18552129720632,186,20,-0.006644505894129127,2.2480369833234595,1179.76
2024-12-10,54.253395080566406,59.185521906072445,54.253395080566406,59.185521906072445,466,20,-0.08026753733264047,1.9873250535067468,1085.07
2024-12-11,57.80452346801758,57.80452346801758,53.2669684053224,53.2669684053224,185,20,0.065454491505605,2.1828588958459854,1156.09
2024-12-12,56.22624588012695,58.199096612762986,56.22624588012695,57.21267124644497,243,20,-0.027303703814181013,2.0959550592714753,1124.52
2024-12-13,56.81809997558594,56.81809997558594,56.22624625699378,56.22624625699378,27,20,0.01052629579290798,2.1285439979869167,1136.36
2024-12-16,59.38280487060547,59.38280487060547,57.01538260325958,57.01538260325958,24,20,0.04513887117171378,2.2697629424670867,1187.66
2024-12-17,56.81809997558594,58.59366865719077,56.81809997558594,58.59366865719077,400,20,-0.04318935255092782,2.1285439979869167,1136.36
2024-12-18,57.607242584228516,57.607242584228516,56.81809928514293,56.81809928514293,218,20,0.013888929918136395,2.171996126320763,1152.14
2024-12-19,56.22624588012695,56.22624588012695,56.22624588012695,56.22624588012695,0,20,-0.023972622922931675,2.0959550592714757,1124.52
2024-12-20,57.015384674072266,57.015384674072266,57.015384674072266,57.015384674072266,0,20,0.014035061057210418,2.1394069775587305,1140.31
2024-12-23,56.62081527709961,57.212668968156315,56.028957823128906,56.028957823128906,109,20,-0.006920402260340963,2.117681018415103,1132.42
2024-12-27,55.63439178466797,58.5936678633649,55.23982013567606,58.5936678633649,45,20,-0.017421569922724145,2.0633661205560343,1112.69
2024-12-30,55.437103271484375,55.63438908641201,55.437103271484375,55.63438908641201,100,20,-0.0035461610499346596,2.0525029309376293,1108.74
2025-01-02,55.83167266845703,55.83167266845703,55.83167266845703,55.83167266845703,0,20,0.007117424498902514,2.0742288900812564,1116.63
2025-01-03,59.777374267578125,59.777374267578125,58.59366686656791,58.59366686656791,2725,20,0.07067138436907827,2.291488901610714,1195.55
2025-01-06,61.15837097167969,61.75022466946581,61.15837097167969,61.75022466946581,281,20,0.02310233129210193,2.3675299686600013,1223.17
2025-01-07,61.355655670166016,61.55294148679249,60.369230349947635,61.55294148679249,293,20,0.0032258004154113173,2.3783929482318147,1227.11
2025-01-08,61.355655670166016,61.355655670166016,61.355655670166016,61.355655670166016,0,20,0.0,2.3783929482318147,1227.11
2025-01-09,63.131221771240234,63.131221771240234,59.97465993009541,59.97465993009541,109,20,0.02893891494892098,2.4761599744247293,1262.62
2025-01-10,66.09049987792969,66.09049987792969,62.93393793714723,63.13122376399254,50,20,0.046875033044862846,2.639105088095118,1321.81
2025-01-13,63.525794982910156,63.92036663390031,61.35565842829258,63.525794982910156,670,20,-0.038805953953390926,2.497886143614948,1270.52
2025-01-14,63.72307586669922,64.70950121301291,62.53936846145404,62.53936846145404,32,20,0.0031055240448722987,2.50874891314017,1274.46
2025-01-15,63.92036437988281,63.92036437988281,63.32850316135418,63.32850316135418,100,20,0.003096029350439622,2.519612102758575,1278.41
2025-01-16,63.525794982910156,63.525794982910156,63.13122333192,63.13122333192,47,20,-0.006172827717747409,2.4978861436149478,1270.52
2025-01-17,61.55294418334961,62.14479789624341,61.15837253281098,62.14479789624341,210,20,-0.03105590099409672,2.3892561378502193,1231.06
2025-01-20,61.355655670166016,61.94750935713146,61.15836985353955,61.94750935713146,318,20,-0.003205184021676133,2.378392948231814,1227.11
2025-01-21,59.97465896606445,60.76379847293754,58.19909413487151,60.56651641840476,2158,20,-0.02250805877661033,2.3023518811825263,1199.49
2025-01-22,62.933937072753906,63.328504958111,59.974660999462216,59.974660999462216,93,20,0.04934214145951055,2.465296994852915,1258.68
2025-01-23,63.92036437988281,63.92036437988281,62.53936741302936,62.93393528719177,59,20,0.015674012353439126,2.519612102758575,1278.41
2025-01-24,63.72307586669922,63.72307586669921,63.72307586669921,63.72307586669921,0,20,-0.0030864735377773567,2.50874891314017,1274.46
2025-01-27,63.3285026550293,63.52579223490414,62.73664896706068,63.52579223490414,290,20,-0.0061919988372080015,2.487022743949951,1266.57
2025-01-28,63.131221771240234,63.32850382894412,63.131221771240234,63.32850382894412,320,20,-0.0031151989312571127,2.476159974424729,1262.62
2025-01-29,62.53936767578125,62.53936767578125,62.53936767578125,62.53936767578125,0,20,-0.009374982439015689,2.443571035709288,1250.79
2025-01-30,62.73664855957031,63.525791822288085,62.73664855957031,63.1312201909292,120,20,0.003154507170776144,2.45443380523451,1254.73
2025-01-31,62.933937072753906,63.525794545160714,62.73665124861831,62.73665124861831,98,20,0.0031447091566625396,2.4652969948529155,1258.68
2025-02-03,63.72307586669922,63.72307586669921,63.72307586669921,63.72307586669921,0,20,0.012539161391302178,2.508748913140171,1274.46
2025-02-04,62.53936767578125,62.53936767578125,62.53936767578125,62.53936767578125,0,20,-0.01857581692061039,2.4435710357092884,1250.79
2025-02-05,64.11764526367188,64.11764526367188,63.13121995192308,63.328502003941686,100,20,0.02523654534009334,2.530474872283798,1282.35
2025-02-06,63.3285026550293,64.31492797691965,63.3285026550293,63.723074288951025,59,20,-0.012307729103234744,2.4870227439499515,1266.57
2025-02-07,62.73664855957031,63.72307387505358,62.73664855957031,62.73664855957031,115,20,-0.009345777503741104,2.4544338052345105,1254.73
2025-02-10,64.11764526367188,64.11764526367188,62.73664832205798,62.73664832205798,130,20,0.022012599267081656,2.530474872283798,1282.35
2025-02-11,64.51222229003906,64.51222229003906,63.72307896429636,63.72307896429636,669,20,0.006153953794537648,2.5522012515206085,1290.24
2025-02-12,64.31492614746094,64.31492614746094,64.31492614746094,64.31492614746094,40,20,-0.0030582754023121828,2.5413376418090206,1286.3
2025-02-13,61.75022506713867,61.94751088864258,60.56651766394332,61.94751088864258,127,20,-0.039877229656486435,2.4001189073754423,1235.0
2025-02-14,63.131221771240234,63.131221771240234,61.35565691150691,61.35565691150691,590,20,0.022364237581321555,2.4761599744247302,1262.62
2025-02-17,65.30135345458984,66.09049672431586,63.13122075158529,63.13122075158529,160,20,0.034374935609724266,2.5956527497146813,1306.03
2025-02-18,68.45792388916016,68.85249555215869,65.69592977399901,65.69592977399901,870,20,0.04833851471034789,2.7694612630500672,1369.16
2025-02-19,71.21990966796875,71.61448132647682,68.65520517640894,68.65520517640894,894,20,0.04034574263865354,2.9215429770554593,1424.4
2025-02-20,68.06334686279297,70.82534076030994,68.06334686279297,70.82534076030994,41,20,-0.044321353676125885,2.7477348838132567,1361.27
2025-02-21,69.04977416992188,70.03619951520648,68.85249211119621,68.85249211119621,223,20,0.014492782864724774,2.8020499917189166,1381.0
2025-02-24,71.41719818115234,71.41719818115234,69.04977579169983,69.04977579169983,845,20,0.03428576037634201,2.9324061666738643,1428.34
2025-02-25,72.60090637207031,72.79819596332071,71.21990933663112,71.41719892788151,625,20,0.016574553763863076,2.997584044104747,1452.02
2025-02-26,73.78462219238281,74.17918632777378,71.41719975089461,74.17918632777378,836,20,0.01630442207217242,3.0627623416288126,1475.69
2025-02-27,75.36289978027344,75.36289978027344,72.00905201679146,73.39004904008736,641,20,0.021390332307665627,3.149666178203322,1507.26
2025-02-28,76.743896484375,77.73032185036529,73.3900487348424,77.73032185036529,2374,20,0.01832462270066526,3.225707245252609,1534.88
2025-03-03,81.28144836425781,84.63529597768692,78.91402607678856,78.91402607678856,2153,20,0.05912589909748278,3.4755559854509173,1625.63
2025-03-04,84.63529968261719,91.73755933010005,76.7438967294903,84.24072802979518,4775,20,0.041262199257686705,3.660227268311526,1692.71
2025-03-05,82.85972595214844,83.84615126110258,81.28144696298737,82.85972595214844,1503,20,-0.02097911553603715,3.5624598220254278,1657.19
2025-03-06,84.83258056640625,84.83258056640625,82.07058656088965,82.85972985555959,732,20,0.02380957203982481,3.6710900378367484,1696.65
2025-03-07,91.34298706054688,91.34298706054688,83.84615581085923,83.84615581085923,704,20,0.07674417600728689,4.029568993846376,1826.86
2025-03-10,79.70317077636719,92.13212860105371,78.9140274911247,90.94841367318996,2479,20,-0.12742977494773855,3.3886521488764085,1594.06
2025-03-11,89.37013244628906,89.76470407927565,83.25429847539486,83.25429847539486,477,20,0.12128704009838742,3.9209387780350555,1787.4
2025-03-12,88.58100128173828,90.35656243315144,85.62172517022134,90.35656243315144,189,20,-0.008829920499726751,3.8774872798409836,1771.62
2025-03-13,89.1728515625,89.76470525682997,87.7918545918447,89.76470525682997,418,20,0.006681458463980272,3.910076008509833,1783.46
2025-03-14,98.24796295166016,103.57466132496694,88.9755631945451,88.9755631945451,4379,20,0.10176989106151368,4.409773908999631,1964.96
2025-03-17,108.0135726928711,121.82352719241626,100.61538278240047,109.98642333566326,6013,20,0.09939757983598918,4.947492343014073,2160.27
2025-03-18,97.8533935546875,105.05430175579139,93.71041001690311,105.05430175579139,4595,20,-0.09406391145928794,4.388047949856004,1957.07
2025-03-19,92.13212585449219,97.26153447817065,90.15927522602695,97.26153447817065,2004,20,-0.05846774948073574,4.073020912133631,1842.64
2025-03-20,87.79185485839844,93.31583523196352,86.80542952291081,92.92126359260286,2065,20,-0.047109202743769396,3.834034941460546,1755.84
2025-03-21,90.1592788696289,90.75113257692145,87.200002807338,87.98913857511864,1311,20,0.026966328653710958,3.9643911164154932,1803.19
2025-03-24,94.69683074951172,94.69683074951172,93.11855174218545,93.11855174218545,197,20,0.050328174057870934,4.2142398566138,1893.94
2025-03-25,92.9212646484375,95.68325862951772,91.93483930174143,95.68325862951772,230,20,-0.018750005538948566,4.116472830420885,1858.43
2025-03-26,95.88053894042969,95.88053894042969,91.93483762558355,91.93483762558355,89,20,0.03184711597704193,4.279417734044682,1917.61
2025-03-27,97.06425476074219,97.06425476074219,94.10497874685265,95.28868614207724,1702,20,0.012345735989739648,4.344596031568748,1941.29
2025-03-28,93.51312255859375,97.0642521755141,92.92126135091712,97.0642521755141,399,20,-0.03658537543920548,4.1490619791829175,1870.26
2025-03-31,90.55384826660156,93.71040631095516,90.55384826660156,92.52669892577957,580,20,-0.031645551030957786,3.98611707555912,1811.08
2025-04-01,96.07782745361328,96.86696319231322,90.948411285838,90.948411285838,433,20,0.06100214726102471,4.290280923663087,1921.56
2025-04-02,95.88053894042969,95.88053894042969,93.3158345909453,95.88053894042969,292,20,-0.0020534239627644224,4.279417734044682,1917.61
2025-04-03,99.13574981689453,99.13574981689453,92.92126696729518,92.92126696729518,439,20,0.03395069439990639,4.45865763214268,1982.71
2025-04-04,85.81900787353516,99.62896316352932,84.83258249567842,98.05068406412423,1269,20,-0.13432835246574149,3.7254051457424087,1716.38
2025-04-07,87.79185485839844,95.19004487455561,75.16560755382564,78.42081417126602,2182,20,0.02298846180755798,3.834034941460546,1755.84
2025-04-08,91.34298706054688,97.06425717326623,91.34298706054688,93.21719675442586,1208,20,0.04044944952895846,4.029568993846376,1826.86
2025-04-09,98.54389190673828,98.54389190673828,91.14570193665024,91.14570193665024,667,20,0.07883369132014773,4.426068483380647,1970.88
2025-04-10,99.82624053955078,101.2072375088452,96.57104146102971,98.83981520803022,829,20,0.01301296922620132,4.49667774557414,1996.52
2025-04-11,102.19366455078125,102.19366455078125,99.43167809179309,99.43167809179309,293,20,0.023715447946699886,4.627033920529088,2043.87
2025-04-14,104.36380767822266,105.54751511781069,101.40453155342422,101.40453155342422,251,20,0.02123559358577487,4.746527325958812,2087.28
2025-04-15,107.71764373779297,108.1122153775671,104.16651403148195,104.16651403148195,455,20,0.032136007052473214,4.931197768633055,2154.35
2025-04-16,105.74479675292969,107.32308336707386,102.58823857629801,107.32308336707386,3620,20,-0.01831498458753511,4.822567972914918,2114.9
2025-04-17,103.77194213867188,105.74479280690387,102.39095269157191,104.16651377748389,190,20,-0.01865675356932539,4.713937757103598,2075.44
2025-04-22,104.16651153564453,104.16651153564453,102.78551459243792,102.78551459243792,100,20,0.0038022743801535697,4.735663716247225,2083.33
2025-04-23,101.20723724365234,103.77194159371994,99.82624027797655,103.77194159371994,165,20,-0.028409075511562687,4.572718812623427,2024.14
2025-04-24,101.601806640625,101.99637826866679,101.601806640625,101.601806640625,31,20,0.003898628277172911,4.594444771767054,2032.04
2025-04-25,100.02352905273438,100.61538274015795,99.03710373175244,99.03710373175244,380,20,-0.015533952004152196,4.507540935192544,2000.47
2025-04-28,99.62895965576172,101.60181034201443,99.62895965576172,99.82624171405574,140,20,-0.003944765803700401,4.485814976048917,1992.58
2025-04-29,104.36380767822266,104.36380767822266,99.23439121307503,99.23439121307503,360,20,0.04752481646722795,4.746527325958812,2087.28
2025-04-30,109.88778686523438,110.87421222753302,103.18009139127231,103.18009139127231,1640,20,0.052930027275771785,5.05069117406278,2197.76
2025-05-02,118.96289825439453,124.68416841734152,110.08506991412884,110.87421322137268,503,20,0.08258525945462725,5.5503890745525775,2379.26
2025-05-05,119.9493179321289,121.92216858076861,119.9493179321289,120.14660751248967,976,20,0.008291826209756437,5.604703762365054,2398.99
2025-05-06,121.72489166259766,122.71131702854119,114.42534244944986,118.96289762762446,487,20,0.014802699682489484,5.702471208651152,2434.5
2025-05-07,120.54117584228516,126.26244593400087,119.75204007069459,124.09231315484152,547,20,-0.00972451734517521,5.637292911127087,2410.82
2025-05-08,130.8000030517578,130.8000030517578,123.30316462207341,123.50044667513757,544,20,0.08510641395182006,6.20216910914095,2616.0
2025-05-09,128.0,129.0,125.0,129.0,12339,20,-0.021406750660776686,6.047994070804822,2560.0
2025-05-12,118.80000305175781,127.4000015258789,117.80000305175781,127.4000015258789,811,20,-0.07187497615814209,5.541419665002998,2376.0
2025-05-13,122.19999694824219,122.19999694824219,118.80000305175781,120.19999694824219,308,20,0.028619476507951713,5.728631671434204,2444.0
2025-05-14,124.5999984741211,125.0,120.19999694824219,120.19999694824219,344,20,0.019639947510763145,5.86078164428043,2492.0
2025-05-15,124.0,124.0,120.4000015258789,120.4000015258789,63,20,-0.004815397122542642,5.827744256092169,2480.0
2025-05-16,123.19999694824219,126.0,123.19999694824219,123.5999984741211,273,20,-0.006451637514175879,5.7836941251123655,2464.0
2025-05-19,124.4000015258789,126.0,121.4000015258789,121.4000015258789,334,20,0.009740297137676546,5.8497693215820705,2488.0
2025-05-20,122.19999694824219,125.4000015258789,121.19999694824219,123.4000015258789,593,20,-0.017684924040608285,5.7286316714342025,2444.0
2025-05-21,118.80000305175781,121.80000305175781,118.0,121.80000305175781,205,20,-0.027823191337103204,5.541419665002996,2376.0
2025-05-22,116.5999984741211,120.4000015258789,116.4000015258789,119.0,344,20,-0.018518556575105816,5.420282014855128,2332.0
2025-05-23,120.0,120.19999694824219,117.19999694824219,117.80000305175781,31,20,0.02915953319359188,5.607494441379517,2400.0
2025-05-26,126.4000015258789,126.4000015258789,119.5999984741211,119.5999984741211,169,20,0.05333334604899087,5.959894228938395,2528.0
2025-05-27,120.4000015258789,124.5999984741211,120.19999694824219,124.5999984741211,563,20,-0.04746835385735004,5.629519506869419,2408.0
2025-05-28,124.80000305175781,124.80000305175781,120.80000305175781,120.80000305175781,290,20,0.036544862708603576,5.87179438707197,2496.0
2025-05-29,123.19999694824219,126.0,123.19999694824219,124.19999694824219,497,20,-0.01282056141338439,5.783694125112364,2464.0
2025-05-30,123.4000015258789,126.80000305175781,123.19999694824219,123.19999694824219,70,20,0.001623413819731967,5.794706867903906,2468.0
2025-06-02,130.0,130.0,124.4000015258789,124.4000015258789,284,20,0.0534845898906815,6.158118978161143,2600.0
2025-06-03,132.39999389648438,132.39999389648438,130.1999969482422,130.1999969482422,662,20,0.018461491511418293,6.2902685309141875,2648.0
2025-06-04,132.39999389648438,132.39999389648438,130.1999969482422,132.0,217,20,0.0,6.2902685309141875,2648.0
2025-06-05,132.1999969482422,132.1999969482422,129.8000030517578,132.1999969482422,85,20,-0.0015105510382316112,6.279256208215828,2644.0
2025-06-06,131.0,135.1999969482422,130.0,134.0,732,20,-0.009077132949647515,6.213181431839306,2620.0
2025-06-09,129.60000610351562,131.0,128.8000030517578,130.60000610351562,456,20,-0.01068697630904103,6.136094332764425,2592.0
2025-06-10,120.19999694824219,130.1999969482422,118.0,130.1999969482422,689,20,-0.07253093142422662,5.6185067640778765,2404.0
2025-06-11,125.80000305175781,127.0,122.5999984741211,122.5999984741211,713,20,0.046589070263678645,5.926856840750133,2516.0
2025-06-12,127.19999694824219,129.0,125.19999694824219,126.80000305175781,336,20,0.011128727047076348,6.003943939825016,2544.0
