date,open,high,low,close,volume,shares_calculated,shares_actual,relative_daily_return,relative_cumulative_return,absolute_daily_return,asset_value_BoP,asset_value_EoP
2023-08-22,17.56999969482422,17.860000610351562,17.450000762939453,17.5,35823,48.48057142857143,44,,,,0.0,848.41
2023-08-23,17.450000762939453,17.65999984741211,17.049999237060547,17.31999969482422,49903,48.48057142857143,44,-0.010285731724330338,-0.010285731724330338,-8.730000000000018,848.41,839.68
2023-08-24,17.860000610351562,18.149999618530273,17.09000015258789,17.170000076293945,53482,48.48057142857143,44,-0.0086604862109263,-0.018857138497488823,-7.269999999999982,839.68,832.41
2023-08-25,17.010000228881836,17.360000610351562,16.559999465942383,17.100000381469727,74861,48.48057142857143,44,-0.004076860484168887,-0.02285712105887283,-3.3899999999999864,832.41,829.02
2023-08-28,17.25,17.389999389648438,16.979999542236328,17.049999237060547,30703,48.48057142857143,44,-0.0029240434674705496,-0.025714329310825956,-2.42999999999995,829.02,826.59
2023-08-29,17.100000381469727,17.84000015258789,17.100000381469727,17.84000015258789,48708,48.48057142857143,44,0.04633436662039059,0.019428580147879293,38.299999999999955,826.59,864.89
2023-08-30,17.610000610351562,17.940000534057617,17.469999313354492,17.639999389648438,62809,48.48057142857143,44,-0.01121080500161542,0.007999965122767794,-9.68999999999994,864.89,855.2
2023-08-31,17.559999465942383,17.93000030517578,17.5,17.719999313354492,32913,48.48057142857143,44,0.004535143224154492,0.012571389334542271,3.8799999999999955,855.2,859.08
2023-09-01,17.690000534057617,17.780000686645508,17.360000610351562,17.40999984741211,52097,48.48057142857143,44,-0.0174943271983512,-0.00514286586216528,-15.030000000000086,859.08,844.05
2023-09-04,17.459999084472656,17.760000228881836,17.329999923706055,17.399999618530273,22034,48.48057142857143,44,-0.0005743956903780933,-0.005714307512555972,-0.4900000000000091,844.05,843.56
2023-09-05,17.299999237060547,17.5,17.1299991607666,17.299999237060547,33333,48.48057142857143,44,-0.005747148486326958,-0.011428615025111721,-4.849999999999909,843.56,838.71
2023-09-06,17.219999313354492,17.25,16.93000030517578,17.0,48952,48.48057142857143,44,-0.017340997126628732,-0.028571428571428692,-14.540000000000077,838.71,824.17
2023-09-07,16.719999313354492,16.959999084472656,16.239999771118164,16.510000228881836,98541,48.48057142857143,44,-0.028823515948127265,-0.05657141549246658,-23.75999999999999,824.17,800.41
2023-09-08,16.549999237060547,16.719999313354492,16.3799991607666,16.579999923706055,33488,48.48057142857143,44,0.004239836090478288,-0.052571432931082684,3.3999999999999773,800.41,803.81
2023-09-11,16.579999923706055,16.610000610351562,16.229999542236328,16.270000457763672,32715,48.48057142857143,44,-0.018697193448061866,-0.07028568812779024,-15.029999999999973,803.81,788.78
2023-09-12,16.219999313354492,16.229999542236328,15.789999961853027,16.0,54764,48.48057142857143,44,-0.016594987717706733,-0.08571428571428574,-13.089999999999918,788.78,775.69
2023-09-13,15.989999771118164,16.06999969482422,15.869999885559082,16.040000915527344,32004,48.48057142857143,44,0.0025000572204589844,-0.0834285191127232,1.9399999999999409,775.69,777.63
2023-09-14,16.149999618530273,16.350000381469727,15.970000267028809,16.290000915527344,39835,48.48057142857143,44,0.015586034023102213,-0.06914280482700896,12.120000000000005,777.63,789.75
2023-09-15,16.459999084472656,16.520000457763672,15.779999732971191,15.819999694824219,74792,48.48057142857143,44,-0.02885212979055929,-0.09600001743861608,-22.789999999999964,789.75,766.96
2023-09-18,15.789999961853027,15.949999809265137,15.430000305175781,15.460000038146973,49557,48.48057142857143,44,-0.022755983794046863,-0.11657142639160156,-17.450000000000045,766.96,749.51
2023-09-19,15.319999694824219,15.649999618530273,15.3100004196167,15.350000381469727,30021,48.48057142857143,44,-0.007115113609691193,-0.12285712105887281,-5.330000000000041,749.51,744.18
2023-09-20,15.369999885559082,15.710000038146973,15.369999885559082,15.579999923706055,53511,48.48057142857143,44,0.014983683160945116,-0.10971429007393974,11.150000000000091,744.18,755.33
2023-09-21,15.470000267028809,15.649999618530273,15.270000457763672,15.430000305175781,49647,48.48057142857143,44,-0.009627703418793931,-0.11828569684709822,-7.2700000000000955,755.33,748.06
2023-09-22,15.550000190734863,15.550000190734863,15.289999961853027,15.329999923706055,28571,48.48057142857143,44,-0.006480905994291075,-0.12400000435965408,-4.849999999999909,748.06,743.21
2023-09-25,15.279999732971191,15.399999618530273,14.800000190734863,14.930000305175781,51746,48.48057142857143,44,-0.026092604078341908,-0.1468571254185269,-19.40000000000009,743.21,723.81
2023-09-26,14.850000381469727,14.890000343322754,14.260000228881836,14.329999923706055,131897,48.48057142857143,44,-0.040187566591122215,-0.18114286150251124,-29.079999999999927,723.81,694.73
2023-09-27,14.4399995803833,14.960000038146973,14.4399995803833,14.75,70622,48.48057142857143,44,0.029309147140966996,-0.15714285714285714,20.360000000000014,694.73,715.09
2023-09-28,14.699999809265137,15.270000457763672,14.699999809265137,15.270000457763672,0,48.48057142857143,44,0.03525426832296086,-0.1274285452706473,25.209999999999923,715.09,740.3
2023-09-29,15.539999961853027,15.710000038146973,15.279999732971191,15.380000114440918,49715,48.48057142857143,44,0.0072036446221139805,-0.12114285060337604,5.330000000000041,740.3,745.63
2023-10-02,15.479999542236328,15.619999885559082,15.220000267028809,15.619999885559082,66286,48.48057142857143,44,0.015604666406524803,-0.10742857796805239,11.639999999999986,745.63,757.27
2023-10-03,15.399999618530273,15.5600004196167,15.130000114440918,15.130000114440918,42133,48.48057142857143,44,-0.03137002398899991,-0.13542856488909039,-23.75999999999999,757.27,733.51
2023-10-04,15.020000457763672,15.279999732971191,14.84000015258789,15.279999732971191,32457,48.48057142857143,44,0.009914052702954423,-0.1268571581159319,7.269999999999982,733.51,740.78
2023-10-05,15.319999694824219,15.520000457763672,15.130000114440918,15.1899995803833,56746,48.48057142857143,44,-0.005890062445072397,-0.13200002397809707,-4.360000000000014,740.78,736.42
2023-10-06,15.319999694824219,15.460000038146973,14.90999984741211,15.260000228881836,54632,48.48057142857143,44,0.004608337750643177,-0.12799998692103798,3.3899999999999864,736.42,739.81
2023-10-09,15.199999809265137,15.199999809265137,14.729999542236328,14.729999542236328,32100,48.48057142857143,44,-0.034731368197649326,-0.1582857404436384,-25.68999999999994,739.81,714.12
2023-10-10,14.880000114440918,15.220000267028809,14.84000015258789,15.210000038146973,35467,48.48057142857143,44,0.03258659272420927,-0.1308571406773159,23.269999999999982,714.12,737.39
2023-10-11,15.300000190734863,15.510000228881836,15.069999694824219,15.350000381469727,76264,48.48057142857143,44,0.009204493292020333,-0.12285712105887292,6.789999999999964,737.39,744.18
2023-10-12,15.699999809265137,16.469999313354492,15.699999809265137,16.200000762939453,114826,48.48057142857143,44,0.05537461630918483,-0.07428567068917424,41.210000000000036,744.18,785.39
2023-10-13,16.219999313354492,16.299999237060547,15.65999984741211,15.899999618530273,98448,48.48057142857143,44,-0.01851858828892705,-0.09142859322684171,-14.549999999999955,785.39,770.84
2023-10-16,15.899999618530273,16.020000457763672,15.350000381469727,15.5600004196167,78052,48.48057142857143,44,-0.02138359792897926,-0.11085711887904603,-16.480000000000018,770.84,754.36
2023-10-17,15.5,15.529999732971191,14.949999809265137,15.380000114440918,60373,48.48057142857143,44,-0.011568142694189931,-0.12114285060337637,-8.730000000000018,754.36,745.63
2023-10-18,15.289999961853027,15.420000076293945,14.850000381469727,14.989999771118164,64115,48.48057142857143,44,-0.02535762941617703,-0.1434285845075337,-18.909999999999968,745.63,726.72
2023-10-19,14.859999656677246,15.140000343322754,14.65999984741211,14.789999961853027,54802,48.48057142857143,44,-0.013342215631682919,-0.15485714503697,-9.690000000000055,726.72,717.03
2023-10-20,14.5,14.960000038146973,14.359999656677246,14.649999618530273,64735,48.48057142857143,44,-0.009465878545223072,-0.1628571646554131,-6.789999999999964,717.03,710.24
2023-10-23,14.59000015258789,14.800000190734863,14.0600004196167,14.5,52506,48.48057142857143,44,-0.010238882077549305,-0.1714285714285716,-7.269999999999982,710.24,702.97
2023-10-24,14.550000190734863,14.800000190734863,14.390000343322754,14.6899995803833,41417,48.48057142857143,44,0.013103419336779387,-0.16057145254952587,9.209999999999923,702.97,712.18
2023-10-25,14.699999809265137,14.699999809265137,14.140000343322754,14.220000267028809,38020,48.48057142857143,44,-0.031994508289987844,-0.1874285561697825,-22.789999999999964,712.18,689.39
2023-10-26,14.0,14.359999656677246,13.819999694824219,14.170000076293945,55112,48.48057142857143,44,-0.003516187749362909,-0.19028570992606042,-2.419999999999959,689.39,686.97
2023-10-27,14.239999771118164,14.380000114440918,14.079999923706055,14.260000228881836,37771,48.48057142857143,44,0.006351457452598019,-0.18514284406389514,4.360000000000014,686.97,691.33
2023-10-30,14.5,14.569999694824219,14.029999732971191,14.15999984741211,44444,48.48057142857143,44,-0.007012649359372958,-0.1908571515764509,-4.850000000000023,691.33,686.48
2023-10-31,14.270000457763672,14.449999809265137,14.0600004196167,14.3100004196167,39319,48.48057142857143,44,0.010593260863064557,-0.1822856903076171,7.279999999999973,686.48,693.76
2023-11-01,14.420000076293945,14.5,14.0,14.5,94850,48.48057142857143,44,0.013277398659111261,-0.17142857142857137,9.210000000000036,693.76,702.97
2023-11-02,15.569999694824219,17.0,15.390000343322754,16.1200008392334,213073,48.48057142857143,44,0.1117241958091999,-0.07885709490094861,78.53999999999996,702.97,781.51
2023-11-03,16.3700008392334,17.920000076293945,16.200000762939453,17.90999984741211,225229,48.48057142857143,44,0.1110421163144204,0.023428562709263412,86.77999999999997,781.51,868.29
2023-11-06,18.200000762939453,18.489999771118164,17.790000915527344,17.989999771118164,118263,48.48057142857143,44,0.004466774114328942,0.02799998692103811,3.8799999999999955,868.29,872.17
2023-11-07,17.979999542236328,18.3700008392334,17.84000015258789,18.299999237060547,78300,48.48057142857143,44,0.01723176597478715,0.04571424211774566,15.020000000000095,872.17,887.19
2023-11-08,18.170000076293945,18.450000762939453,17.979999542236328,18.299999237060547,40049,48.48057142857143,44,0.0,0.04571424211774566,0.0,887.19,887.19
2023-11-09,18.079999923706055,18.530000686645508,17.729999542236328,18.5,87151,48.48057142857143,44,0.010929003894951883,0.05714285714285716,9.699999999999932,887.19,896.89
2023-11-10,18.209999084472656,18.31999969482422,17.530000686645508,18.079999923706055,55210,48.48057142857143,44,-0.022702706826699726,0.03314285278320317,-20.360000000000014,896.89,876.53
2023-11-13,18.290000915527344,18.399999618530273,18.079999923706055,18.239999771118164,25847,48.48057142857143,44,0.008849549119871458,0.042285701206752346,7.759999999999991,876.53,884.29
2023-11-14,18.149999618530273,18.920000076293945,18.030000686645508,18.799999237060547,33407,48.48057142857143,44,0.0307017254917461,0.07428567068917413,27.139999999999986,884.29,911.43
2023-11-15,19.030000686645508,19.200000762939453,18.6299991607666,18.790000915527344,35971,48.48057142857143,44,-0.00053182563505072,0.07371433803013394,-0.4799999999999045,911.43,910.95
2023-11-16,18.899999618530273,18.899999618530273,18.440000534057617,18.709999084472656,22387,48.48057142857143,44,-0.00425768106208968,0.06914280482700885,-3.8799999999999955,910.95,907.07
2023-11-17,18.850000381469727,19.25,18.709999084472656,18.8799991607666,50371,48.48057142857143,44,0.009086054762826201,0.07885709490094861,8.239999999999895,907.07,915.31
2023-11-20,18.920000076293945,18.920000076293945,18.510000228881836,18.600000381469727,21510,48.48057142857143,44,-0.01483044447791737,0.0628571646554128,-13.569999999999936,915.31,901.74
2023-11-21,18.799999237060547,18.799999237060547,18.25,18.299999237060547,29767,48.48057142857143,44,-0.016129093454646193,0.04571424211774544,-14.549999999999955,901.74,887.19
2023-11-22,18.1299991607666,18.450000762939453,17.940000534057617,18.18000030517578,22266,48.48057142857143,44,-0.006557318955606739,0.03885716029575881,-5.810000000000059,887.19,881.38
2023-11-23,18.440000534057617,18.440000534057617,17.93000030517578,18.25,26205,48.48057142857143,44,0.0038503681875237117,0.04285714285714293,3.3899999999999864,881.38,884.77
2023-11-24,18.15999984741211,18.309999465942383,18.020000457763672,18.18000030517578,14561,48.48057142857143,44,-0.003835599716395577,0.03885716029575903,-3.3899999999999864,884.77,881.38
2023-11-27,18.43000030517578,18.950000762939453,18.270000457763672,18.950000762939453,51357,48.48057142857143,44,0.04235425989208896,0.08285718645368312,37.33000000000004,881.38,918.71
2023-11-28,18.709999084472656,19.079999923706055,18.709999084472656,19.040000915527344,27781,48.48057142857143,44,0.0047493482303127,0.0880000523158484,4.360000000000014,918.71,923.07
2023-11-29,19.09000015258789,19.6299991607666,19.09000015258789,19.299999237060547,66997,48.48057142857143,44,0.01365537337349454,0.10285709926060282,12.599999999999909,923.07,935.67
2023-11-30,19.31999969482422,19.530000686645508,18.979999542236328,19.3799991607666,67511,48.48057142857143,44,0.004145073931010046,0.1074285234723773,3.8799999999999955,935.67,939.55
2023-12-01,19.329999923706055,19.780000686645508,19.209999084472656,19.780000686645508,47049,48.48057142857143,44,0.02063991450983549,0.13028575352260052,19.40000000000009,939.55,958.95
2023-12-04,20.399999618530273,20.600000381469727,19.719999313354492,19.75,149023,48.48057142857143,44,-0.0015167181801850615,0.12857142857142856,-1.4600000000000364,958.95,957.49
2023-12-05,19.760000228881836,20.260000228881836,19.43000030517578,20.059999465942383,45459,48.48057142857143,44,0.01569617549075364,0.14628568376813633,15.029999999999973,957.49,972.52
2023-12-06,20.18000030517578,20.299999237060547,19.889999389648438,20.219999313354492,90424,48.48057142857143,44,0.007976064390418092,0.1554285321916855,7.759999999999991,972.52,980.28
2023-12-07,20.0,20.0,19.31999969482422,19.3700008392334,42552,48.48057142857143,44,-0.04203751251166976,0.10685719081333733,-41.20999999999992,980.28,939.07
2023-12-08,19.25,20.020000457763672,19.239999771118164,19.719999313354492,46004,48.48057142857143,44,0.018069099584765214,0.12685710362025704,16.969999999999914,939.07,956.04
2023-12-11,19.559999465942383,19.729999542236328,19.280000686645508,19.510000228881836,44992,48.48057142857143,44,-0.010649041165556428,0.11485715593610513,-10.17999999999995,956.04,945.86
2023-12-12,19.399999618530273,19.889999389648438,19.299999237060547,19.639999389648438,61525,48.48057142857143,44,0.0066632065218612535,0.12228567940848234,6.2999999999999545,945.86,952.16
2023-12-13,19.639999389648438,19.790000915527344,19.399999618530273,19.43000030517578,42936,48.48057142857143,44,-0.010692418075294863,0.11028573172433043,-10.17999999999995,952.16,941.98
2023-12-14,19.649999618530273,20.200000762939453,19.649999618530273,19.920000076293945,114059,48.48057142857143,44,0.02521872174071138,0.13828571864536854,23.75,941.98,965.73
2023-12-15,19.920000076293945,20.139999389648438,19.65999984741211,19.790000915527344,60341,48.48057142857143,44,-0.006526062262485088,0.13085719517299133,-6.300000000000068,965.73,959.43
2023-12-18,19.809999465942383,19.809999465942383,19.399999618530273,19.40999984741211,69651,48.48057142857143,44,-0.01920167006243456,0.10914284842354949,-18.41999999999996,959.43,941.01
2023-12-19,19.059999465942383,19.68000030517578,18.68000030517578,19.6200008392334,88627,48.48057142857143,44,0.010819216562193201,0.12114290509905179,10.180000000000064,941.01,951.19
2023-12-20,19.75,20.18000030517578,19.68000030517578,19.969999313354492,83141,48.48057142857143,44,0.017838861322636346,0.1411428179059715,16.969999999999914,951.19,968.16
2023-12-21,19.790000915527344,20.31999969482422,19.530000686645508,20.31999969482422,60296,48.48057142857143,44,0.017526309138912843,0.1611428397042416,16.970000000000027,968.16,985.13
2023-12-22,20.059999465942383,20.280000686645508,19.549999237060547,20.200000762939453,60205,48.48057142857143,44,-0.00590545933498865,0.15428575788225496,-5.82000000000005,985.13,979.31
2023-12-27,20.5,20.860000610351562,20.239999771118164,20.239999771118164,77321,48.48057142857143,44,0.0019801488449493476,0.1565714154924669,1.9400000000000546,979.31,981.25
2023-12-28,20.3799991607666,20.540000915527344,20.200000762939453,20.420000076293945,44978,48.48057142857143,44,0.008893295810834756,0.16685714721679723,8.720000000000027,981.25,989.97
2023-12-29,20.399999618530273,20.639999389648438,20.34000015258789,20.399999618530273,37017,48.48057142857143,44,-0.0009794543432392055,0.16571426391601607,-0.9700000000000273,989.97,989.0
2024-01-02,20.5,20.579999923706055,19.450000762939453,19.639999389648438,91952,48.48057142857143,44,-0.03725491387713031,0.12228567940848256,-36.84000000000003,989.0,952.16
2024-01-03,19.639999389648438,19.75,18.799999237060547,18.850000381469727,80565,48.48057142857143,44,-0.040223983336531655,0.0771428789411277,-38.299999999999955,952.16,913.86
2024-01-04,18.829999923706055,19.040000915527344,18.25,18.989999771118164,83321,48.48057142857143,44,0.0074270231732229686,0.0851428440638955,6.789999999999964,913.86,920.65
2024-01-05,18.899999618530273,19.010000228881836,18.469999313354492,18.799999237060547,82690,48.48057142857143,44,-0.010005294173125234,0.07428567068917435,-9.220000000000027,920.65,911.43
2024-01-08,18.850000381469727,19.100000381469727,18.649999618530273,19.040000915527344,78734,48.48057142857143,44,0.012766047245027501,0.0880000523158484,11.6400000000001,911.43,923.07
2024-01-09,19.299999237060547,19.299999237060547,18.549999237060547,18.56999969482422,93017,48.48057142857143,44,-0.024684936875178032,0.06114283970424128,-22.790000000000077,923.07,900.28
2024-01-10,18.510000228881836,18.649999618530273,18.1200008392334,18.270000457763672,57647,48.48057142857143,44,-0.01615504803396206,0.04400002615792431,-14.539999999999964,900.28,885.74
2024-01-11,18.399999618530273,18.760000228881836,18.219999313354492,18.239999771118164,59864,48.48057142857143,44,-0.001642073666876076,0.042285701206752346,-1.4500000000000455,885.74,884.29
2024-01-12,18.3700008392334,18.639999389648438,18.309999465942383,18.56999969482422,45028,48.48057142857143,44,0.018092101307401798,0.06114283970424128,15.990000000000009,884.29,900.28
2024-01-15,18.540000915527344,18.670000076293945,18.270000457763672,18.309999465942383,44068,48.48057142857143,44,-0.014001089561369362,0.046285683768136465,-12.600000000000023,900.28,887.68
2024-01-16,18.389999389648438,18.450000762939453,18.1200008392334,18.34000015258789,67595,48.48057142857143,44,0.001638486483918733,0.04800000871930821,1.4500000000000455,887.68,889.13
2024-01-17,17.850000381469727,17.969999313354492,17.520000457763672,17.84000015258789,96929,48.48057142857143,44,-0.027262813295530264,0.019428580147879515,-24.24000000000001,889.13,864.89
2024-01-18,17.969999313354492,18.600000381469727,17.90999984741211,18.559999465942383,58565,48.48057142857143,44,0.04035870556032739,0.06057139805385048,34.90999999999997,864.89,899.8
2024-01-19,18.690000534057617,19.610000610351562,18.68000030517578,19.610000610351562,126150,48.48057142857143,44,0.056573339149924795,0.12057146344866077,50.90000000000009,899.8,950.7
2024-01-22,19.899999618530273,20.6200008392334,19.850000381469727,20.239999771118164,107194,48.48057142857143,44,0.03212642229261542,0.15657141549246645,30.549999999999955,950.7,981.25
2024-01-23,20.280000686645508,20.3799991607666,20.079999923706055,20.15999984741211,41924,48.48057142857143,44,-0.003952565445193956,0.15199999128069197,-3.8799999999999955,981.25,977.37
2024-01-24,20.600000381469727,21.920000076293945,20.239999771118164,21.920000076293945,189317,48.48057142857143,44,0.0873015993156252,0.25257143293108264,85.32000000000005,977.37,1062.69
2024-01-25,21.920000076293945,22.399999618530273,21.540000915527344,22.34000015258789,96095,48.48057142857143,44,0.01916058735547943,0.27657143729073663,20.36999999999989,1062.69,1083.06
2024-01-26,21.899999618530273,22.020000457763672,21.219999313354492,21.899999618530273,106023,48.48057142857143,44,-0.01969563702114152,0.25142854963030126,-21.339999999999918,1083.06,1061.72
2024-01-29,21.860000610351562,21.959999084472656,21.600000381469727,21.860000610351562,55668,48.48057142857143,44,-0.0018264387614357336,0.2491428920200891,-1.9300000000000637,1061.72,1059.79
2024-01-30,21.899999618530273,22.139999389648438,21.020000457763672,21.31999969482422,61626,48.48057142857143,44,-0.02470269443961648,0.2182856968470981,-26.180000000000064,1059.79,1033.61
2024-01-31,21.18000030517578,21.219999313354492,20.719999313354492,21.15999984741211,52656,48.48057142857143,44,-0.007504683381911681,0.2091428484235489,-7.759999999999991,1033.61,1025.85
2024-02-01,21.100000381469727,21.459999084472656,20.979999542236328,21.020000457763672,37924,48.48057142857143,44,-0.006616228291965731,0.2011428833007809,-6.789999999999964,1025.85,1019.06
2024-02-02,21.15999984741211,22.15999984741211,21.15999984741211,21.799999237060547,105384,48.48057142857143,44,0.03710745776928781,0.24571424211774517,37.820000000000164,1019.06,1056.88
2024-02-05,21.959999084472656,22.18000030517578,21.559999465942383,21.920000076293945,112568,48.48057142857143,44,0.005504625845554889,0.2525714329310824,5.809999999999945,1056.88,1062.69
2024-02-06,22.399999618530273,22.420000076293945,21.459999084472656,21.600000381469727,114964,48.48057142857143,44,-0.014598526172921567,0.23428573608398406,-15.509999999999991,1062.69,1047.18
2024-02-07,21.739999771118164,22.100000381469727,21.65999984741211,22.020000457763672,53969,48.48057142857143,44,0.019444447633170325,0.2582857404436383,20.3599999999999,1047.18,1067.54
2024-02-08,22.18000030517578,22.299999237060547,22.040000915527344,22.1200008392334,36918,48.48057142857143,44,0.004541343296587952,0.26400004795619414,4.850000000000136,1067.54,1072.39
2024-02-09,22.200000762939453,23.3799991607666,22.200000762939453,23.040000915527344,182116,48.48057142857143,44,0.04159132194345028,0.3165714808872768,44.59999999999991,1072.39,1116.99
2024-02-12,23.219999313354492,23.360000610351562,22.81999969482422,23.0,100827,48.48057142857143,44,-0.0017361507785524921,0.3142857142857143,-1.9400000000000546,1116.99,1115.05
2024-02-13,22.579999923706055,22.579999923706055,20.520000457763672,21.5,233401,48.48057142857143,44,-0.06521739130434778,0.22857142857142865,-72.72000000000003,1115.05,1042.33
2024-02-14,21.420000076293945,22.479999542236328,21.280000686645508,22.299999237060547,84941,48.48057142857143,44,0.03720926684002546,0.2742856706891743,38.789999999999964,1042.33,1081.12
2024-02-15,22.5,22.6200008392334,22.1200008392334,22.15999984741211,74743,48.48057142857143,44,-0.006277999750590624,0.2662857055664065,-6.789999999999964,1081.12,1074.33
2024-02-16,22.399999618530273,23.0,22.3799991607666,22.700000762939453,118708,48.48057142857143,44,0.02436827252913565,0.29714290073939753,26.180000000000064,1074.33,1100.51
2024-02-19,22.479999542236328,22.5,22.200000762939453,22.280000686645508,44325,48.48057142857143,44,-0.01850220538228564,0.27314289637974354,-20.3599999999999,1100.51,1080.15
2024-02-20,22.1200008392334,22.280000686645508,21.81999969482422,21.979999542236328,53322,48.48057142857143,44,-0.013465041973225733,0.2559999738420762,-14.550000000000182,1080.15,1065.6
2024-02-21,21.739999771118164,22.100000381469727,21.399999618530273,22.020000457763672,69279,48.48057142857143,44,0.0018198779053875125,0.2582857404436387,1.9400000000000546,1065.6,1067.54
2024-02-22,22.799999237060547,23.0,22.540000915527344,22.639999389648438,76058,48.48057142857143,44,0.028156172524790746,0.2937142508370538,30.059999999999945,1067.54,1097.6
2024-02-23,22.600000381469727,22.68000030517578,21.719999313354492,21.719999313354492,91666,48.48057142857143,44,-0.04063604686820754,0.24114281790597136,-44.59999999999991,1097.6,1053.0
2024-02-26,21.559999465942383,21.780000686645508,21.459999084472656,21.639999389648438,50318,48.48057142857143,44,-0.003683237856129562,0.23657139369419666,-3.880000000000109,1053.0,1049.12
2024-02-27,23.15999984741211,23.6200008392334,22.479999542236328,22.520000457763672,458192,48.48057142857143,44,0.040665484886112546,0.2868571690150672,42.66000000000008,1049.12,1091.78
2024-02-28,22.420000076293945,23.1200008392334,22.18000030517578,22.920000076293945,83005,48.48057142857143,44,0.0177619720426061,0.30971429007394,19.3900000000001,1091.78,1111.17
2024-02-29,23.0,23.079999923706055,22.18000030517578,22.540000915527344,105285,48.48057142857143,44,-0.016579369960807,0.2880000523158486,-18.420000000000073,1111.17,1092.75
2024-03-01,22.479999542236328,22.719999313354492,22.200000762939453,22.719999313354492,59329,48.48057142857143,44,0.00798573161117977,0.2982856750488285,8.730000000000018,1092.75,1101.48
2024-03-04,22.860000610351562,23.299999237060547,22.600000381469727,23.139999389648438,76216,48.48057142857143,44,0.01848591940964872,0.3222856794084825,20.3599999999999,1101.48,1121.84
2024-03-05,23.0,23.65999984741211,22.399999618530273,22.5,114695,48.48057142857143,44,-0.027657709875944847,0.28571428571428603,-31.029999999999973,1121.84,1090.81
2024-03-06,22.459999084472656,23.0,22.399999618530273,23.0,45605,48.48057142857143,44,0.022222222222222143,0.3142857142857145,24.24000000000001,1090.81,1115.05
2024-03-07,22.899999618530273,23.579999923706055,22.559999465942383,23.579999923706055,92863,48.48057142857143,44,0.02521738798721973,0.34742856706891767,28.12000000000012,1115.05,1143.17
2024-03-08,23.5,23.5,22.6200008392334,22.6200008392334,68027,48.48057142857143,44,-0.040712429498675484,0.29257147652762305,-46.539999999999964,1143.17,1096.63
2024-03-11,22.5,22.84000015258789,21.979999542236328,22.139999389648438,96952,48.48057142857143,44,-0.021220222448109727,0.26514282226562536,-23.27000000000021,1096.63,1073.36
2024-03-12,22.299999237060547,22.420000076293945,21.780000686645508,22.34000015258789,58763,48.48057142857143,44,0.009033458376379366,0.2765714372907371,9.700000000000045,1073.36,1083.06
2024-03-13,22.5,22.719999313354492,22.31999969482422,22.31999969482422,32216,48.48057142857143,44,-0.0008952756323663547,0.2754285539899557,-0.9700000000000273,1083.06,1082.09
2024-03-14,22.200000762939453,22.299999237060547,21.479999542236328,21.559999465942383,71343,48.48057142857143,44,-0.03405018993159181,0.23199996948242219,-36.84999999999991,1082.09,1045.24
2024-03-15,21.540000915527344,21.65999984741211,21.200000762939453,21.3799991607666,70757,48.48057142857143,44,-0.008348808424606946,0.22171423775809185,-8.730000000000018,1045.24,1036.51
2024-03-18,21.360000610351562,21.5,21.299999237060547,21.420000076293945,56684,48.48057142857143,44,0.001870950285196793,0.2240000043596544,1.9400000000000546,1036.51,1038.45
2024-03-19,21.260000228881836,21.3799991607666,20.940000534057617,21.299999237060547,68762,48.48057142857143,44,-0.0056022800563014785,0.21714281354631737,-5.809999999999945,1038.45,1032.64
2024-03-20,22.3799991607666,22.639999389648438,19.600000381469727,20.0,368323,48.48057142857143,44,-0.06103283021713146,0.14285714285714324,-63.030000000000086,1032.64,969.61
2024-03-21,20.520000457763672,20.700000762939453,19.760000228881836,19.989999771118164,147774,48.48057142857143,44,-0.0005000114440918413,0.14228570120675266,-0.4800000000000182,969.61,969.13
2024-03-22,19.68000030517578,19.809999465942383,19.06999969482422,19.510000228881836,181908,48.48057142857143,44,-0.024011983378300905,0.11485715593610535,-23.269999999999982,969.13,945.86
2024-03-25,19.399999618530273,20.399999618530273,19.399999618530273,19.959999084472656,108757,48.48057142857143,44,0.02306503589501041,0.14057137625558092,21.809999999999945,945.86,967.67
2024-03-26,20.0,20.040000915527344,19.350000381469727,19.350000381469727,88806,48.48057142857143,44,-0.030561058666453644,0.1057143075125564,-29.569999999999936,967.67,938.1
2024-03-27,19.25,19.420000076293945,19.010000228881836,19.170000076293945,99360,48.48057142857143,44,-0.009302341169365347,0.09542857578822606,-8.730000000000018,938.1,929.37
2024-03-28,19.149999618530273,19.270000457763672,18.719999313354492,18.790000915527344,123341,48.48057142857143,44,-0.019822595683581468,0.07371433803013461,-18.41999999999996,929.37,910.95
2024-04-02,18.809999465942383,19.030000686645508,18.56999969482422,18.899999618530273,107802,48.48057142857143,44,0.005854108442966188,0.07999997820173066,5.329999999999927,910.95,916.28
2024-04-03,18.760000228881836,19.100000381469727,18.520000457763672,19.0,55954,48.48057142857143,44,0.005291025581380504,0.0857142857142863,4.850000000000023,916.28,921.13
2024-04-04,18.959999084472656,19.729999542236328,18.959999084472656,19.229999542236328,84376,48.48057142857143,44,0.012105239065069995,0.09885711669921937,11.149999999999977,921.13,932.28
2024-04-05,18.809999465942383,19.1200008392334,18.489999771118164,18.520000457763672,68056,48.48057142857143,44,-0.036921430128650345,0.05828574044363899,-34.41999999999996,932.28,897.86
2024-04-08,18.5,18.950000762939453,18.5,18.670000076293945,56460,48.48057142857143,44,0.008099331253925257,0.06685714721679759,7.269999999999982,897.86,905.13
2024-04-09,18.6299991607666,18.899999618530273,18.59000015258789,18.729999542236328,80729,48.48057142857143,44,0.0032136832189180176,0.0702856881277909,2.909999999999968,905.13,908.04
2024-04-10,18.829999923706055,19.219999313354492,18.739999771118164,18.93000030517578,91012,48.48057142857143,44,0.010678097588227242,0.0817143031529024,9.700000000000045,908.04,917.74
2024-04-11,18.790000915527344,19.18000030517578,18.670000076293945,18.950000762939453,52073,48.48057142857143,44,0.0010565482008049187,0.08285718645368356,0.9700000000000273,917.74,918.71
2024-04-12,19.15999984741211,19.260000228881836,18.229999542236328,18.280000686645508,72452,48.48057142857143,44,-0.035356203130306185,0.044571467808315335,-32.49000000000001,918.71,886.22
2024-04-15,18.020000457763672,18.59000015258789,17.700000762939453,18.1299991607666,78782,48.48057142857143,44,-0.00820577244225651,0.03599995204380635,-7.269999999999982,886.22,878.95
2024-04-16,17.75,18.25,17.440000534057617,18.15999984741211,77898,48.48057142857143,44,0.0016547538904705394,0.03771427699497809,1.4599999999999227,878.95,880.41
2024-04-17,18.0,18.360000610351562,17.860000610351562,17.959999084472656,49108,48.48057142857143,44,-0.011013257963653267,0.02628566196986637,-9.699999999999932,880.41,870.71
2024-04-18,17.93000030517578,18.139999389648438,17.739999771118164,17.969999313354492,62604,48.48057142857143,44,0.0005568056454123838,0.02685710362025695,0.4900000000000091,870.71,871.2
2024-04-19,17.579999923706055,17.649999618530273,17.389999389648438,17.459999084472656,94339,48.48057142857143,44,-0.028380648211979942,-0.0022857666015622113,-24.730000000000018,871.2,846.47
2024-04-22,17.5,17.719999313354492,17.329999923706055,17.43000030517578,38895,48.48057142857143,44,-0.0017181432342429082,-0.003999982561383564,-1.4500000000000455,846.47,845.02
2024-04-23,17.739999771118164,18.5,17.690000534057617,18.5,86749,48.48057142857143,44,0.06138839220252246,0.057142857142857384,51.870000000000005,845.02,896.89
2024-04-24,18.719999313354492,18.8700008392334,18.190000534057617,18.260000228881836,57294,48.48057142857143,44,-0.012972960600981853,0.04342858450753373,-11.629999999999995,896.89,885.26
2024-04-25,18.1299991607666,18.469999313354492,17.950000762939453,18.15999984741211,58368,48.48057142857143,44,-0.005476472081942019,0.03771427699497787,-4.850000000000023,885.26,880.41
2024-04-26,18.290000915527344,18.760000228881836,18.25,18.549999237060547,44674,48.48057142857143,44,0.021475737495890712,0.05999995640346012,18.899999999999977,880.41,899.31
2024-04-29,18.729999542236328,18.75,18.420000076293945,18.729999542236328,62807,48.48057142857143,44,0.009703520893745488,0.07028568812779046,8.730000000000018,899.31,908.04
2024-04-30,18.809999465942383,18.809999465942383,18.420000076293945,18.670000076293945,30160,48.48057142857143,44,-0.0032033885429139097,0.06685714721679714,-2.909999999999968,908.04,905.13
2024-05-02,18.600000381469727,18.770000457763672,18.3799991607666,18.610000610351562,59387,48.48057142857143,44,-0.0032136832189179065,0.06342860630580383,-2.909999999999968,905.13,902.22
2024-05-03,18.670000076293945,19.229999542236328,18.639999389648438,19.040000915527344,40000,48.48057142857143,44,0.023105872706774555,0.0880000523158484,20.850000000000023,902.22,923.07
2024-05-06,19.010000228881836,19.65999984741211,18.889999389648438,19.639999389648438,55639,48.48057142857143,44,0.03151252338605648,0.12228567940848234,29.089999999999918,923.07,952.16
2024-05-07,19.770000457763672,20.399999618530273,19.770000457763672,20.219999313354492,86064,48.48057142857143,44,0.029531565261236903,0.1554285321916855,28.120000000000005,952.16,980.28
2024-05-08,20.200000762939453,20.299999237060547,19.760000228881836,19.959999084472656,53407,48.48057142857143,44,-0.012858567641499175,0.1405713762555807,-12.610000000000014,980.28,967.67
2024-05-09,20.0,20.139999389648438,19.760000228881836,19.889999389648438,22522,48.48057142857143,44,-0.003506998899547753,0.1365713936941968,-3.3899999999999864,967.67,964.28
2024-05-10,19.889999389648438,21.1200008392334,19.850000381469727,20.059999465942383,98943,48.48057142857143,44,0.008547012645079288,0.14628568376813655,8.240000000000009,964.28,972.52
2024-05-13,19.90999984741211,20.139999389648438,19.799999237060547,19.860000610351562,53764,48.48057142857143,44,-0.009970032946928886,0.13485717773437522,-9.699999999999932,972.52,962.82
2024-05-14,19.829999923706055,20.299999237060547,19.739999771118164,20.239999771118164,64960,48.48057142857143,44,0.019133894717431987,0.15657141549246667,18.42999999999995,962.82,981.25
2024-05-15,19.200000762939453,20.34000015258789,18.600000381469727,19.170000076293945,271127,48.48057142857143,44,-0.05286559816819136,0.09542857578822561,-51.879999999999995,981.25,929.37
2024-05-16,19.229999542236328,19.59000015258789,19.1299991607666,19.1299991607666,75988,48.48057142857143,44,-0.0020866413859230715,0.09314280918666307,-1.9400000000000546,929.37,927.43
2024-05-17,19.020000457763672,19.770000457763672,18.920000076293945,19.760000228881836,75200,48.48057142857143,44,0.03293262392856211,0.12914287022181936,30.550000000000068,927.43,957.98
2024-05-20,19.6299991607666,19.850000381469727,19.610000610351562,19.829999923706055,48154,48.48057142857143,44,0.0035424946363060705,0.13314285278320348,3.3899999999999864,957.98,961.37
2024-05-21,19.860000610351562,20.040000915527344,18.8700008392334,19.1299991607666,66738,48.48057142857143,44,-0.035300089038458715,0.09314280918666329,-33.940000000000055,961.37,927.43
2024-05-22,18.899999618530273,19.329999923706055,18.899999618530273,19.06999969482422,50423,48.48057142857143,44,-0.0031364071392869786,0.08971426827566997,-2.909999999999968,927.43,924.52
2024-05-23,19.209999084472656,19.360000610351562,18.790000915527344,18.899999618530273,80762,48.48057142857143,44,-0.008914529576006469,0.07999997820173022,-8.240000000000009,924.52,916.28
2024-05-24,18.6299991607666,19.25,18.399999618530273,19.25,76315,48.48057142857143,44,0.01851853907587242,0.10000000000000031,16.970000000000027,916.28,933.25
2024-05-27,19.209999084472656,19.270000457763672,18.829999923706055,19.0,20654,48.48057142857143,44,-0.012987012987012991,0.08571428571428608,-12.120000000000005,933.25,921.13
2024-05-28,19.100000381469727,19.260000228881836,19.020000457763672,19.09000015258789,39946,48.48057142857143,44,0.00473685013620484,0.09085715157645136,4.360000000000014,921.13,925.49
2024-05-29,19.100000381469727,19.15999984741211,18.709999084472656,18.719999313354492,41438,48.48057142857143,44,-0.01938191913441345,0.06971424647739988,-17.930000000000064,925.49,907.56
2024-05-30,18.670000076293945,18.8700008392334,18.6200008392334,18.729999542236328,24952,48.48057142857143,44,0.0005342002803760959,0.07028568812779046,0.4800000000000182,907.56,908.04
2024-05-31,18.5,18.65999984741211,18.06999969482422,18.540000915527344,70022,48.48057142857143,44,-0.010144080691541713,0.05942862374441993,-9.209999999999923,908.04,898.83
2024-06-03,18.700000762939453,18.8700008392334,18.389999389648438,18.440000534057617,33456,48.48057142857143,44,-0.0053937635669680795,0.05371431623186407,-4.850000000000023,898.83,893.98
2024-06-04,18.309999465942383,18.6299991607666,18.170000076293945,18.6299991607666,46784,48.48057142857143,44,0.0103036128636802,0.0645713806152346,9.210000000000036,893.98,903.19
2024-06-05,18.649999618530273,18.899999618530273,18.489999771118164,18.770000457763672,38859,48.48057142857143,44,0.007514831095210228,0.07257145472935278,6.789999999999964,903.19,909.98
2024-06-06,18.90999984741211,18.920000076293945,18.649999618530273,18.719999313354492,25402,48.48057142857143,44,-0.0026638861582178874,0.06971424647739966,-2.4200000000000728,909.98,907.56
2024-06-07,18.770000457763672,18.959999084472656,18.670000076293945,18.709999084472656,28466,48.48057142857143,44,-0.0005342002803762069,0.06914280482700907,-0.4899999999998954,907.56,907.07
2024-06-10,18.56999969482422,18.56999969482422,18.309999465942383,18.540000915527344,31336,48.48057142857143,44,-0.009085952820082843,0.05942862374441993,-8.240000000000009,907.07,898.83
2024-06-11,18.459999084472656,18.600000381469727,18.420000076293945,18.420000076293945,34804,48.48057142857143,44,-0.006472536855858357,0.052571432931082906,-5.82000000000005,898.83,893.01
2024-06-12,18.549999237060547,18.65999984741211,18.149999618530273,18.639999389648438,25652,48.48057142857143,44,0.011943502304195164,0.0651428222656254,10.669999999999959,893.01,903.68
2024-06-13,18.520000457763672,18.579999923706055,17.75,17.75,76611,48.48057142857143,44,-0.04774674993512562,0.014285714285714679,-43.14999999999998,903.68,860.53
2024-06-14,17.709999084472656,17.709999084472656,16.719999313354492,16.780000686645508,140324,48.48057142857143,44,-0.054647848639689744,-0.04114281790597063,-47.02999999999997,860.53,813.5
2024-06-17,16.81999969482422,17.100000381469727,16.59000015258789,16.729999542236328,60701,48.48057142857143,44,-0.0029798058619254775,-0.044000026157923755,-2.419999999999959,813.5,811.08
2024-06-18,16.729999542236328,16.729999542236328,16.729999542236328,16.729999542236328,0,48.48057142857143,44,0.0,-0.044000026157923755,0.0,811.08,811.08
2024-06-19,16.700000762939453,16.700000762939453,16.18000030517578,16.209999084472656,61755,48.48057142857143,44,-0.031081917034778472,-0.07371433803013361,-25.210000000000036,811.08,785.87
2024-06-20,16.299999237060547,16.75,16.280000686645508,16.549999237060547,44746,48.48057142857143,44,0.020974717568835066,-0.054285757882254204,16.480000000000018,785.87,802.35
2024-06-21,16.56999969482422,16.56999969482422,15.8100004196167,15.970000267028809,71407,48.48057142857143,44,-0.03504525660236535,-0.08742855616978207,-28.120000000000005,802.35,774.23
2024-06-24,15.399999618530273,16.079999923706055,15.050000190734863,15.539999961853027,99420,48.48057142857143,44,-0.026925503944013496,-0.11200000217982664,-20.840000000000032,774.23,753.39
2024-06-25,15.399999618530273,15.579999923706055,15.1899995803833,15.520000457763672,55331,48.48057142857143,44,-0.0012869693782785463,-0.11314283098493261,-0.9700000000000273,753.39,752.42
2024-06-26,15.649999618530273,16.06999969482422,15.359999656677246,15.489999771118164,65007,48.48057142857143,44,-0.001933033876329593,-0.11485715593610446,-1.4599999999999227,752.42,750.96
2024-06-27,15.5,15.640000343322754,15.100000381469727,15.100000381469727,46552,48.48057142857143,44,-0.025177494861917893,-0.1371428353445866,-18.90000000000009,750.96,732.06
2024-06-28,15.210000038146973,15.510000228881836,15.09000015258789,15.210000038146973,41473,48.48057142857143,44,0.007284745291280537,-0.13085714067731535,5.330000000000041,732.06,737.39
2024-07-01,15.3100004196167,15.369999885559082,15.079999923706055,15.140000343322754,23049,48.48057142857143,44,-0.004602215295769763,-0.13485712323869925,-3.3899999999999864,737.39,734.0
2024-07-02,15.109999656677246,15.1899995803833,14.850000381469727,14.850000381469727,53103,48.48057142857143,44,-0.019154554509698385,-0.15142854963030083,-14.059999999999945,734.0,719.94
2024-07-03,15.020000457763672,15.34000015258789,14.960000038146973,15.180000305175781,47490,48.48057142857143,44,0.02222221651373424,-0.1325714111328119,16.0,719.94,735.94
2024-07-04,15.289999961853027,15.65999984741211,15.289999961853027,15.380000114440918,42749,48.48057142857143,44,0.013175217736783873,-0.12114285060337548,9.68999999999994,735.94,745.63
2024-07-05,15.489999771118164,16.329999923706055,15.489999771118164,15.8100004196167,82838,48.48057142857143,44,0.02795840715059783,-0.09657140459333091,20.850000000000023,745.63,766.48
2024-07-08,15.75,16.0,14.75,14.829999923706055,128804,48.48057142857143,44,-0.061986114478193244,-0.152571432931082,-47.50999999999999,766.48,718.97
2024-07-09,14.8100004196167,14.9399995803833,14.359999656677246,14.399999618530273,92035,48.48057142857143,44,-0.02899530056560673,-0.17714287894112668,-20.850000000000023,718.97,698.12
2024-07-10,14.5,14.880000114440918,14.420000076293945,14.819999694824219,56655,48.48057142857143,44,0.02916667273751017,-0.1531428745814727,20.360000000000014,698.12,718.48
2024-07-11,14.930000305175781,14.979999542236328,14.600000381469727,14.75,70588,48.48057142857143,44,-0.004723326333715527,-0.1571428571428567,-3.3899999999999864,718.48,715.09
2024-07-12,14.819999694824219,15.220000267028809,14.75,15.0600004196167,76417,48.48057142857143,44,0.021016977601132192,-0.13942854745047384,15.029999999999973,715.09,730.12
2024-07-15,15.0,15.050000190734863,14.640000343322754,14.920000076293945,47789,48.48057142857143,44,-0.009296171276356291,-0.14742856706891694,-6.789999999999964,730.12,723.33
2024-07-16,14.899999618530273,15.050000190734863,14.800000190734863,14.899999618530273,48416,48.48057142857143,44,-0.0013405132480830417,-0.1485714503696982,-0.9700000000000273,723.33,722.36
2024-07-17,14.899999618530273,14.949999809265137,14.319999694824219,14.460000038146973,70748,48.48057142857143,44,-0.029530173936118675,-0.17371428353445828,-21.33000000000004,722.36,701.03
2024-07-18,14.359999656677246,14.489999771118164,14.149999618530273,14.25,77248,48.48057142857143,44,-0.014522824176554039,-0.18571428571428528,-10.17999999999995,701.03,690.85
2024-07-19,14.199999809265137,14.229999542236328,13.84000015258789,13.84000015258789,85872,48.48057142857143,44,-0.028771919116639233,-0.2091428484235487,-19.879999999999995,690.85,670.97
2024-07-22,13.949999809265137,14.75,13.949999809265137,14.319999694824219,74565,48.48057142857143,44,0.034682047467071264,-0.18171430315290138,23.269999999999982,670.97,694.24
2024-07-23,14.34000015258789,14.470000267028809,14.210000038146973,14.380000114440918,49224,48.48057142857143,44,0.00418997352621342,-0.17828570774623298,2.909999999999968,694.24,697.15
2024-07-24,14.279999732971191,14.399999618530273,14.130000114440918,14.289999961853027,47536,48.48057142857143,44,-0.0062587031899610235,-0.18342857360839815,-4.360000000000014,697.15,692.79
2024-07-25,14.300000190734863,14.359999656677246,14.029999732971191,14.069999694824219,54456,48.48057142857143,44,-0.015395400113092816,-0.19600001743861573,-10.669999999999959,692.79,682.12
2024-07-26,14.050000190734863,14.390000343322754,14.050000190734863,14.3100004196167,31988,48.48057142857143,44,0.017057621179676907,-0.18228569030761677,11.639999999999986,682.12,693.76
2024-07-29,14.40999984741211,14.550000190734863,14.220000267028809,14.40999984741211,65148,48.48057142857143,44,0.006988080004409092,-0.1765714372907362,4.850000000000023,693.76,698.61
2024-07-30,14.319999694824219,14.520000457763672,14.289999961853027,14.289999961853027,69766,48.48057142857143,44,-0.008327542458692827,-0.18342857360839804,-5.82000000000005,698.61,692.79
2024-07-31,14.390000343322754,14.609999656677246,14.229999542236328,14.460000038146973,51145,48.48057142857143,44,0.011896436441410696,-0.17371428353445828,8.240000000000009,692.79,701.03
2024-08-01,14.510000228881836,14.760000228881836,14.029999732971191,14.109999656677246,57449,48.48057142857143,44,-0.024204728945116827,-0.19371430533272838,-16.970000000000027,701.03,684.06
2024-08-02,14.050000190734863,14.050000190734863,12.59000015258789,12.800000190734863,235229,48.48057142857143,44,-0.09284192046896711,-0.2685714176722931,-63.50999999999999,684.06,620.55
2024-08-05,12.479999542236328,12.9399995803833,12.0,12.779999732971191,188822,48.48057142857143,44,-0.001562535739503268,-0.26971430097307436,-0.9699999999999136,620.55,619.58
2024-08-06,12.949999809265137,13.210000038146973,12.760000228881836,12.869999885559082,88503,48.48057142857143,44,0.00704226560785437,-0.2645714351109092,4.360000000000014,619.58,623.94
2024-08-07,13.0,13.25,12.850000381469727,13.149999618530273,78608,48.48057142857143,44,0.021756001201318487,-0.2485714503696982,13.579999999999927,623.94,637.52
2024-08-08,13.149999618530273,13.149999618530273,12.8100004196167,12.9399995803833,46175,48.48057142857143,44,-0.015969585113223217,-0.2605714525495252,-10.17999999999995,637.52,627.34
2024-08-09,13.0,13.1899995803833,12.920000076293945,13.0600004196167,0,48.48057142857143,44,0.009273635481048759,-0.25371426173618816,5.819999999999936,627.34,633.16
2024-08-12,13.149999618530273,13.149999618530273,12.850000381469727,13.079999923706055,46793,48.48057142857143,44,0.0015313555472260543,-0.2525714329310822,0.9700000000000273,633.16,634.13
2024-08-13,12.989999771118164,12.989999771118164,12.520000457763672,12.84000015258789,78938,48.48057142857143,44,-0.018348606461624728,-0.26628570556640585,-11.639999999999986,634.13,622.49
2024-08-14,13.90999984741211,14.979999542236328,13.609999656677246,14.449999809265137,309104,48.48057142857143,44,0.1253893798710548,-0.17428572518484897,78.04999999999995,622.49,700.54
2024-08-15,14.619999885559082,15.199999809265137,14.270000457763672,14.819999694824219,128782,48.48057142857143,44,0.025605528750377138,-0.1531428745814728,17.940000000000055,700.54,718.48
2024-08-16,14.930000305175781,15.100000381469727,14.600000381469727,14.609999656677246,73191,48.48057142857143,44,-0.014170043351641515,-0.1651428767612998,-10.180000000000064,718.48,708.3
2024-08-19,14.5,14.510000228881836,14.279999732971191,14.300000190734863,59247,48.48057142857143,44,-0.021218307544634496,-0.18285713195800735,-15.029999999999973,708.3,693.27
2024-08-20,14.399999618530273,14.640000343322754,14.199999809265137,14.260000228881836,61857,48.48057142857143,44,-0.0027972000922730222,-0.1851428440638947,-1.9399999999999409,693.27,691.33
2024-08-21,14.199999809265137,14.390000343322754,14.0600004196167,14.319999694824219,55884,48.48057142857143,44,0.004207536113559174,-0.18171430315290138,2.909999999999968,691.33,694.24
2024-08-22,14.270000457763672,14.539999961853027,14.260000228881836,14.279999732971191,39921,48.48057142857143,44,-0.0027932934850189994,-0.18400001525878862,-1.9400000000000546,694.24,692.3
2024-08-23,14.25,14.260000228881836,13.869999885559082,14.199999809265137,39754,48.48057142857143,44,-0.005602235658404231,-0.1885714394705631,-3.8799999999999955,692.3,688.42
2024-08-26,14.100000381469727,14.34000015258789,14.010000228881836,14.229999542236328,41924,48.48057142857143,44,0.0021126572798695342,-0.18685716901506655,1.4600000000000364,688.42,689.88
2024-08-27,14.300000190734863,14.680000305175781,14.199999809265137,14.600000381469727,76685,48.48057142857143,44,0.02600146529416203,-0.16571426391601518,17.940000000000055,689.88,707.82
2024-08-28,14.600000381469727,14.75,14.350000381469727,14.449999809265137,64820,48.48057142857143,44,-0.010274011526394844,-0.17428572518484886,-7.280000000000086,707.82,700.54
2024-08-29,14.350000381469727,15.119999885559082,14.350000381469727,15.119999885559082,61156,48.48057142857143,44,0.04636678789880344,-0.1360000065394804,32.49000000000001,700.54,733.03
2024-08-30,14.989999771118164,15.149999618530273,14.859999656677246,14.869999885559082,645293,48.48057142857143,44,-0.01653439165953774,-0.15028572082519465,-12.120000000000005,733.03,720.91
2024-09-02,14.979999542236328,15.020000457763672,14.470000267028809,14.609999656677246,50812,48.48057142857143,44,-0.017484884390236877,-0.16514287676129957,-12.610000000000014,720.91,708.3
2024-09-03,14.510000228881836,14.600000381469727,13.649999618530273,13.680000305175781,63390,48.48057142857143,44,-0.06365498790935464,-0.21828569684709764,-45.08999999999992,708.3,663.21
2024-09-04,13.579999923706055,13.609999656677246,13.1899995803833,13.380000114440918,92322,48.48057142857143,44,-0.021929838014795866,-0.2354285648890898,-14.540000000000077,663.21,648.67
2024-09-05,13.279999732971191,13.550000190734863,13.220000267028809,13.220000267028809,45799,48.48057142857143,44,-0.011958134980837754,-0.24457141331263887,-7.759999999999991,648.67,640.91
2024-09-06,13.289999961853027,13.630000114440918,12.920000076293945,13.470000267028809,85278,48.48057142857143,44,0.018910740919083846,-0.23028569902692453,12.120000000000005,640.91,653.03
2024-09-09,13.34000015258789,13.390000343322754,12.5,12.5600004196167,301000,48.48057142857143,44,-0.06755752259631065,-0.2822856903076165,-44.110000000000014,653.03,608.92
2024-09-10,12.5600004196167,12.920000076293945,12.5600004196167,12.8100004196167,88181,48.48057142857143,44,0.01990445793373863,-0.2679999760219022,12.120000000000005,608.92,621.04
2024-09-11,12.880000114440918,13.100000381469727,12.520000457763672,12.630000114440918,59672,48.48057142857143,44,-0.014051545611203586,-0.2782857077462325,-8.730000000000018,621.04,612.31
2024-09-12,12.930000305175781,13.100000381469727,12.300000190734863,12.300000190734863,73406,48.48057142857143,44,-0.026128259755812566,-0.29714284624372134,-16.0,612.31,596.31
2024-09-13,12.210000038146973,12.5,12.170000076293945,12.270000457763672,74944,48.48057142857143,44,-0.0024390026427633105,-0.298857116699218,-1.4499999999999318,596.31,594.86
2024-09-16,12.270000457763672,12.270000457763672,11.680000305175781,11.680000305175781,52834,48.48057142857143,44,-0.04808477021812796,-0.33257141113281186,-28.610000000000014,594.86,566.25
2024-09-17,11.720000267028809,12.34000015258789,11.609999656677246,12.079999923706055,68290,48.48057142857143,44,0.03424654178759057,-0.30971429007393914,19.399999999999977,566.25,585.65
2024-09-18,12.149999618530273,12.25,11.970000267028809,12.020000457763672,56942,48.48057142857143,44,-0.004966843238520147,-0.31314283098493245,-2.909999999999968,585.65,582.74
2024-09-19,12.170000076293945,12.899999618530273,12.170000076293945,12.779999732971191,72121,48.48057142857143,44,0.06322789070416701,-0.26971430097307414,36.84000000000003,582.74,619.58
2024-09-20,12.819999694824219,12.869999885559082,12.300000190734863,12.3100004196167,54791,48.48057142857143,44,-0.03677615987283145,-0.29657140459333087,-22.780000000000086,619.58,596.8
2024-09-23,12.300000190734863,12.579999923706055,12.140000343322754,12.489999771118164,33728,48.48057142857143,44,0.014622205147501566,-0.2862857273646757,8.720000000000027,596.8,605.52
2024-09-24,12.579999923706055,12.869999885559082,12.4399995803833,12.510000228881836,49278,48.48057142857143,44,0.0016013177045783866,-0.28514284406389445,0.9700000000000273,605.52,606.49
2024-09-25,12.600000381469727,12.65999984741211,12.380000114440918,12.449999809265137,47580,48.48057142857143,44,-0.004796196524295526,-0.28857143947056296,-2.909999999999968,606.49,603.58
2024-09-26,12.84000015258789,13.289999961853027,12.84000015258789,13.130000114440918,81877,48.48057142857143,44,0.0546184992444525,-0.24971427917480393,32.969999999999914,603.58,636.55
2024-09-27,13.199999809265137,13.550000190734863,13.199999809265137,13.399999618530273,65748,48.48057142857143,44,0.020563556872509103,-0.2342857360839835,13.090000000000032,636.55,649.64
2024-09-30,13.4399995803833,13.710000038146973,13.199999809265137,13.520000457763672,55441,48.48057142857143,44,0.008955286764893211,-0.2274285452706465,5.82000000000005,649.64,655.46
2024-10-01,13.600000381469727,13.869999885559082,13.260000228881836,13.390000343322754,80238,48.48057142857143,44,-0.009615392754389052,-0.2348571232386989,-6.310000000000059,655.46,649.15
2024-10-02,13.25,13.40999984741211,13.1899995803833,13.34000015258789,45933,48.48057142857143,44,-0.003734144096553149,-0.23771427699497683,-2.419999999999959,649.15,646.73
2024-10-03,13.4399995803833,13.4399995803833,13.0,13.050000190734863,38048,48.48057142857143,44,-0.021739127326529273,-0.2542857033865784,-14.06000000000006,646.73,632.67
2024-10-04,13.050000190734863,13.510000228881836,13.050000190734863,13.4399995803833,28667,48.48057142857143,44,0.029885010264239398,-0.23200002397809627,18.910000000000082,632.67,651.58
2024-10-07,13.079999923706055,13.109999656677246,12.369999885559082,12.75,208351,48.48057142857143,44,-0.051339256095692676,-0.2714285714285706,-33.450000000000045,651.58,618.13
2024-10-08,12.449999809265137,12.600000381469727,12.430000305175781,12.470000267028809,70414,48.48057142857143,44,-0.021960763370289516,-0.2874285561697816,-13.580000000000041,618.13,604.55
2024-10-09,12.550000190734863,12.850000381469727,12.4399995803833,12.75,36100,48.48057142857143,44,0.022453867439884645,-0.2714285714285707,13.580000000000041,604.55,618.13
2024-10-10,12.75,13.130000114440918,12.550000190734863,13.0,48468,48.48057142857143,44,0.019607843137254832,-0.25714285714285645,12.120000000000005,618.13,630.25
2024-10-11,12.989999771118164,13.069999694824219,12.800000190734863,12.850000381469727,19519,48.48057142857143,44,-0.011538432194636461,-0.26571426391601494,-7.269999999999982,630.25,622.98
2024-10-14,12.859999656677246,13.029999732971191,12.739999771118164,12.8100004196167,37162,48.48057142857143,44,-0.003112837405881308,-0.2679999760219023,-1.9400000000000546,622.98,621.04
2024-10-15,12.899999618530273,12.90999984741211,11.829999923706055,11.949999809265137,112473,48.48057142857143,44,-0.06713509618895819,-0.31714286804199154,-41.69999999999993,621.04,579.34
2024-10-16,11.930000305175781,12.229999542236328,11.829999923706055,12.09000015258789,41649,48.48057142857143,44,0.01171551008847782,-0.30914284842354844,6.789999999999964,579.34,586.13
2024-10-17,12.109999656677246,12.5,12.109999656677246,12.279999732971191,37016,48.48057142857143,44,0.01571543242227591,-0.2982857295445027,9.210000000000036,586.13,595.34
2024-10-18,12.369999885559082,12.680000305175781,12.319999694824219,12.670000076293945,33902,48.48057142857143,44,0.03175898630320173,-0.2759999956403454,18.909999999999968,595.34,614.25
2024-10-21,12.600000381469727,12.84000015258789,12.59000015258789,12.65999984741211,43367,48.48057142857143,44,-0.0007892840427481396,-0.2765714372907361,-0.4900000000000091,614.25,613.76
2024-10-22,12.569999694824219,12.760000228881836,12.529999732971191,12.739999771118164,40664,48.48057142857143,44,0.006319109373639442,-0.2720000130789615,3.8799999999999955,613.76,617.64
2024-10-23,12.819999694824219,12.970000267028809,12.359999656677246,12.359999656677246,40564,48.48057142857143,44,-0.02982732506027086,-0.29371430533272824,-18.41999999999996,617.64,599.22
2024-10-24,12.359999656677246,12.619999885559082,12.270000457763672,12.270000457763672,21448,48.48057142857143,44,-0.007281488787498014,-0.2988571166992182,-4.360000000000014,599.22,594.86
2024-10-25,12.220000267028809,12.470000267028809,12.130000114440918,12.350000381469727,22984,48.48057142857143,44,0.006519960938993652,-0.29428569248744374,3.8799999999999955,594.86,598.74
2024-10-28,12.430000305175781,12.510000228881836,11.649999618530273,11.649999618530273,121565,48.48057142857143,44,-0.056680221969041655,-0.33428573608398393,-33.940000000000055,598.74,564.8
2024-10-29,11.550000190734863,11.880000114440918,11.350000381469727,11.75,107461,48.48057142857143,44,0.008583724012374061,-0.32857142857142807,4.850000000000023,564.8,569.65
2024-10-30,11.829999923706055,12.020000457763672,11.75,11.819999694824219,59539,48.48057142857143,44,0.005957420836103733,-0.3245714460100442,3.3899999999999864,569.65,573.04
2024-10-31,11.760000228881836,11.890000343322754,11.399999618530273,11.600000381469727,0,48.48057142857143,44,-0.018612463539303348,-0.33714283534458656,-10.669999999999959,573.04,562.37
2024-11-01,11.609999656677246,11.789999961853027,11.510000228881836,11.710000038146973,36355,48.48057142857143,44,0.00948272871205802,-0.3308571406773153,5.340000000000032,562.37,567.71
2024-11-04,11.720000267028809,11.869999885559082,11.579999923706055,11.649999618530273,33394,48.48057142857143,44,-0.005123861607279179,-0.3342857360839838,-2.910000000000082,567.71,564.8
2024-11-05,11.670000076293945,11.819999694824219,11.520000457763672,11.800000190734863,32063,48.48057142857143,44,0.01287558601856098,-0.32571427481515014,7.2700000000000955,564.8,572.07
2024-11-06,11.880000114440918,12.239999771118164,11.779999732971191,11.789999961853027,65444,48.48057142857143,44,-0.0008474770101858375,-0.32628571646554083,-0.4800000000000182,572.07,571.59
2024-11-07,11.760000228881836,12.680000305175781,11.739999771118164,12.520000457763672,62079,48.48057142857143,44,0.06191692097307788,-0.284571402413504,35.389999999999986,571.59,606.98
2024-11-08,12.529999732971191,12.989999771118164,12.3100004196167,12.34000015258789,52367,48.48057142857143,44,-0.014377020654513073,-0.2948571341378343,-8.730000000000018,606.98,598.25
2024-11-11,12.470000267028809,12.75,12.390000343322754,12.600000381469727,44447,48.48057142857143,44,0.021069710345774206,-0.2799999782017294,12.610000000000014,598.25,610.86
2024-11-12,12.510000228881836,13.300000190734863,12.369999885559082,12.699999809265137,139120,48.48057142857143,44,0.007936462283165913,-0.27428572518484884,4.840000000000032,610.86,615.7
2024-11-13,12.789999961853027,12.789999961853027,11.800000190734863,12.039999961853027,121873,48.48057142857143,44,-0.05196849270270176,-0.3120000021798265,-31.99000000000001,615.7,583.71
2024-11-14,11.949999809265137,12.25,11.930000305175781,12.149999618530273,60244,48.48057142857143,44,0.009136184138352377,-0.30571430751255535,5.329999999999927,583.71,589.04
2024-11-15,12.100000381469727,12.289999961853027,11.850000381469727,11.859999656677246,53868,48.48057142857143,44,-0.023868310366918943,-0.32228573390415693,-14.059999999999945,589.04,574.98
2024-11-18,11.859999656677246,11.859999656677246,11.859999656677246,11.859999656677246,0,48.48057142857143,44,0.0,-0.32228573390415693,0.0,574.98,574.98
2024-11-19,11.15999984741211,11.25,10.579999923706055,11.020000457763672,120623,48.48057142857143,44,-0.0708262414190417,-0.37028568812778984,-40.72000000000003,574.98,534.26
2024-11-20,10.979999542236328,11.3100004196167,10.899999618530273,11.0,64985,48.48057142857143,44,-0.0018149234966302608,-0.3714285714285711,-0.9700000000000273,534.26,533.29
2024-11-21,11.020000457763672,11.25,10.819999694824219,10.970000267028809,84689,48.48057142857143,44,-0.0027272484519265117,-0.37314284188406777,-1.4599999999999227,533.29,531.83
2024-11-22,11.479999542236328,12.710000038146973,11.479999542236328,12.59000015258789,200484,48.48057142857143,44,0.14767546455109204,-0.2805714198521201,78.53999999999996,531.83,610.37
2024-11-25,12.720000267028809,13.100000381469727,12.600000381469727,12.970000267028809,153200,48.48057142857143,44,0.030182693394392723,-0.25885712759835333,18.41999999999996,610.37,628.79
2024-11-26,12.869999885559082,13.039999961853027,12.6899995803833,12.6899995803833,52843,48.48057142857143,44,-0.02158833314424058,-0.2748571668352394,-13.569999999999936,628.79,615.22
2024-11-27,12.600000381469727,12.760000228881836,12.420000076293945,12.5,77426,48.48057142857143,44,-0.014972386656104342,-0.28571428571428514,-9.210000000000036,615.22,606.01
2024-11-28,12.5,12.5,12.5,12.5,0,48.48057142857143,44,0.0,-0.28571428571428514,0.0,606.01,606.01
2024-11-29,12.529999732971191,12.989999771118164,12.5,12.890000343322754,38540,48.48057142857143,44,0.0312000274658204,-0.2634285518101277,18.899999999999977,606.01,624.91
2024-12-02,12.9399995803833,12.9399995803833,12.420000076293945,12.619999885559082,68215,48.48057142857143,44,-0.020946505087064415,-0.2788571493966233,-13.089999999999918,624.91,611.82
2024-12-03,12.529999732971191,12.729999542236328,12.350000381469727,12.670000076293945,62935,48.48057142857143,44,0.003961980284332478,-0.2759999956403454,2.42999999999995,611.82,614.25
2024-12-04,12.579999923706055,13.3100004196167,12.569999694824219,13.140000343322754,90073,48.48057142857143,44,0.03709552203619926,-0.24914283752441346,22.779999999999973,614.25,637.03
2024-12-05,13.239999771118164,13.9399995803833,13.239999771118164,13.9399995803833,163205,48.48057142857143,44,0.06088274095571666,-0.2034285954066679,38.79000000000008,637.03,675.82
2024-12-06,13.819999694824219,14.0,13.59000015258789,13.890000343322754,91393,48.48057142857143,44,-0.0035867459516216726,-0.20628569466727065,-2.4200000000000728,675.82,673.4
2024-12-09,13.989999771118164,14.100000381469727,13.770000457763672,13.920000076293945,88981,48.48057142857143,44,0.0021598079359022027,-0.20457142421177388,1.4500000000000455,673.4,674.85
2024-12-10,13.920000076293945,13.920000076293945,13.920000076293945,13.920000076293945,0,48.48057142857143,44,0.0,-0.20457142421177388,0.0,674.85,674.85
2024-12-11,13.5,13.84000015258789,13.479999542236328,13.760000228881836,48141,48.48057142857143,44,-0.011494241848790776,-0.21371427263532294,-7.759999999999991,674.85,667.09
2024-12-12,13.859999656677246,13.899999618530273,13.5600004196167,13.800000190734863,65517,48.48057142857143,44,0.002906973923522793,-0.2114285605294357,1.9399999999999409,667.09,669.03
2024-12-13,13.699999809265137,13.979999542236328,13.670000076293945,13.829999923706055,59994,48.48057142857143,44,0.0021738936635185002,-0.20971429007393894,1.4600000000000364,669.03,670.49
2024-12-16,13.729999542236328,13.779999732971191,13.470000267028809,13.699999809265137,116463,48.48057142857143,44,-0.009399863713526413,-0.21714286804199134,-6.310000000000059,670.49,664.18
2024-12-17,13.539999961853027,13.960000038146973,13.539999961853027,13.619999885559082,65662,48.48057142857143,44,-0.005839410570790848,-0.22171429225376593,-3.8700000000000045,664.18,660.31
2024-12-18,13.710000038146973,13.90999984741211,13.65999984741211,13.829999923706055,47549,48.48057142857143,44,0.015418505133001581,-0.20971429007393882,10.180000000000064,660.31,670.49
2024-12-19,13.4399995803833,13.600000381469727,13.34000015258789,13.380000114440918,65452,48.48057142857143,44,-0.03253794734255855,-0.23542856488908948,-21.82000000000005,670.49,648.67
2024-12-20,13.300000190734863,13.65999984741211,13.229999542236328,13.569999694824219,74463,48.48057142857143,44,0.01420026747071823,-0.22457144601004364,9.210000000000036,648.67,657.88
2024-12-23,13.479999542236328,13.699999809265137,13.289999961853027,13.649999618530273,49562,48.48057142857143,44,0.005895351916372471,-0.22000002179826905,3.8799999999999955,657.88,661.76
2024-12-27,13.600000381469727,13.880000114440918,13.529999732971191,13.529999732971191,55087,48.48057142857143,44,-0.008791200652942033,-0.22685715811593088,-5.819999999999936,661.76,655.94
2024-12-30,13.529999732971191,13.529999732971191,13.529999732971191,13.529999732971191,0,48.48057142857143,44,0.0,-0.22685715811593088,0.0,655.94,655.94
2025-01-02,13.079999923706055,13.520000457763672,13.079999923706055,13.489999771118164,51213,48.48057142857143,44,-0.002956390439206813,-0.22914287022181812,-1.9400000000000546,655.94,654.0
2025-01-03,13.579999923706055,13.670000076293945,13.289999961853027,13.390000343322754,41240,48.48057142857143,44,-0.007412856152118508,-0.23485712323869867,-4.850000000000023,654.0,649.15
2025-01-06,13.699999809265137,14.770000457763672,13.699999809265137,14.649999618530273,134148,48.48057142857143,44,0.09410001814046609,-0.16285716465541178,61.09000000000003,649.15,710.24
2025-01-07,14.550000190734863,14.770000457763672,14.40999984741211,14.489999771118164,86117,48.48057142857143,44,-0.010921491575312525,-0.17200001307896096,-7.759999999999991,710.24,702.48
2025-01-08,14.4399995803833,14.479999542236328,14.180000305175781,14.199999809265137,55842,48.48057142857143,44,-0.02001380030599187,-0.18857143947056254,-14.06000000000006,702.48,688.42
2025-01-09,14.130000114440918,14.5,14.100000381469727,14.399999618530273,41004,48.48057142857143,44,0.01408449379940424,-0.17714287894112613,9.700000000000045,688.42,698.12
2025-01-10,14.399999618530273,14.529999732971191,14.170000076293945,14.220000267028809,0,48.48057142857143,44,-0.012499955296515264,-0.18742855616978127,-8.730000000000018,698.12,689.39
2025-01-13,15.0,15.779999732971191,14.510000228881836,14.680000305175781,157756,48.48057142857143,44,0.03234880657587258,-0.16114283970424004,22.300000000000068,689.39,711.69
2025-01-14,14.800000190734863,14.979999542236328,14.029999732971191,14.029999732971191,96163,48.48057142857143,44,-0.04427796721335331,-0.1982857295445024,-31.510000000000105,711.69,680.18
2025-01-15,13.930000305175781,14.180000305175781,13.710000038146973,13.970000267028809,98751,48.48057142857143,44,-0.004276512265455112,-0.20171427045549573,-2.909999999999968,680.18,677.27
2025-01-16,14.239999771118164,14.359999656677246,13.680000305175781,13.850000381469727,61837,48.48057142857143,44,-0.00858982700539379,-0.20857140677315755,-5.809999999999945,677.27,671.46
2025-01-17,13.949999809265137,14.100000381469727,13.789999961853027,13.789999961853027,0,48.48057142857143,44,-0.004332160141813035,-0.21200000217982606,-2.910000000000082,671.46,668.55
2025-01-20,13.789999961853027,13.789999961853027,13.789999961853027,13.789999961853027,0,48.48057142857143,44,0.0,-0.21200000217982606,0.0,668.55,668.55
2025-01-21,13.789999961853027,13.789999961853027,13.789999961853027,13.789999961853027,0,48.48057142857143,44,0.0,-0.21200000217982606,0.0,668.55,668.55
2025-01-22,14.050000190734863,14.1899995803833,13.829999923706055,14.119999885559082,37863,48.48057142857143,44,0.023930378870117952,-0.19314286368233713,16.0,668.55,684.55
2025-01-23,14.199999809265137,14.300000190734863,13.5,13.600000381469727,74222,48.48057142857143,44,-0.03682716064475133,-0.22285712105887168,-25.209999999999923,684.55,659.34
2025-01-24,13.600000381469727,13.600000381469727,13.600000381469727,13.600000381469727,0,48.48057142857143,44,0.0,-0.22285712105887168,0.0,659.34,659.34
2025-01-27,13.029999732971191,13.09000015258789,12.319999694824219,12.84000015258789,110219,48.48057142857143,44,-0.055882368203264976,-0.2662857055664052,-36.85000000000002,659.34,622.49
2025-01-28,12.949999809265137,13.010000228881836,12.779999732971191,12.899999618530273,76939,48.48057142857143,44,0.004672855547457999,-0.262857164655412,2.909999999999968,622.49,625.4
2025-01-29,13.119999885559082,13.460000038146973,12.850000381469727,12.850000381469727,90928,48.48057142857143,44,-0.003875909964270452,-0.2657142639160146,-2.419999999999959,625.4,622.98
2025-01-30,13.069999694824219,13.65999984741211,12.979999542236328,13.539999961853027,71905,48.48057142857143,44,0.05369646380542603,-0.2262857164655403,33.44999999999993,622.98,656.43
2025-01-31,13.539999961853027,13.989999771118164,13.539999961853027,13.899999618530273,65590,48.48057142857143,44,0.02658786245875122,-0.20571430751255482,17.450000000000045,656.43,673.88
2025-02-03,13.399999618530273,13.5,13.109999656677246,13.25,95665,48.48057142857143,44,-0.046762563767537846,-0.24285714285714188,-31.50999999999999,673.88,642.37
2025-02-04,13.210000038146973,13.390000343322754,13.069999694824219,13.170000076293945,55303,48.48057142857143,44,-0.006037730091023041,-0.24742856706891647,-3.8799999999999955,642.37,638.49
2025-02-05,13.199999809265137,13.300000190734863,12.779999732971191,12.829999923706055,87037,48.48057142857143,44,-0.02581626048733987,-0.266857147216796,-16.480000000000018,638.49,622.01
2025-02-06,12.899999618530273,13.25,12.869999885559082,12.869999885559082,66483,48.48057142857143,44,0.0031176899525244828,-0.26457143511090864,1.9300000000000637,622.01,623.94
2025-02-07,12.960000038146973,13.069999694824219,12.739999771118164,12.739999771118164,62689,48.48057142857143,44,-0.010101019082897289,-0.27200001307896116,-6.300000000000068,623.94,617.64
2025-02-10,12.739999771118164,12.739999771118164,12.739999771118164,12.739999771118164,0,48.48057142857143,44,0.0,-0.27200001307896116,0.0,617.64,617.64
2025-02-11,13.239999771118164,13.460000038146973,13.220000267028809,13.369999885559082,28954,48.48057142857143,44,0.049450559321762455,-0.23600000653948006,30.550000000000068,617.64,648.19
2025-02-12,13.449999809265137,13.979999542236328,13.25,13.869999885559082,153799,48.48057142857143,44,0.03739715813610811,-0.20742857796805148,24.239999999999895,648.19,672.43
2025-02-13,13.789999961853027,13.930000305175781,13.300000190734863,13.59000015258789,54910,48.48057142857143,44,-0.020187435853025293,-0.22342856270926248,-13.579999999999927,672.43,658.85
2025-02-14,13.5,13.9399995803833,13.5,13.630000114440918,42158,48.48057142857143,44,0.0029433378516490194,-0.22114285060337513,1.9399999999999409,658.85,660.79
2025-02-17,13.729999542236328,14.239999771118164,13.539999961853027,14.149999618530273,68623,48.48057142857143,44,0.03815110049327286,-0.19142859322684047,25.210000000000036,660.79,686.0
2025-02-18,14.25,14.329999923706055,13.430000305175781,13.539999961853027,100819,48.48057142857143,44,-0.04310951753513936,-0.2262857164655403,-29.57000000000005,686.0,656.43
2025-02-19,13.5,14.399999618530273,13.5,14.069999694824219,112738,48.48057142857143,44,0.0391432595616239,-0.19600001743861506,25.690000000000055,656.43,682.12
2025-02-20,14.010000228881836,14.619999885559082,13.850000381469727,14.390000343322754,88821,48.48057142857143,44,0.02274347231267182,-0.17771426609584162,15.519999999999982,682.12,697.64
2025-02-21,14.329999923706055,14.649999618530273,14.069999694824219,14.279999732971191,69346,48.48057142857143,44,-0.007644239591877766,-0.18400001525878806,-5.340000000000032,697.64,692.3
2025-02-24,14.300000190734863,14.890000343322754,14.180000305175781,14.829999923706055,48162,48.48057142857143,44,0.03851542023946708,-0.15257143293108155,26.670000000000073,692.3,718.97
2025-02-25,14.65999984741211,14.6899995803833,14.319999694824219,14.380000114440918,54358,48.48057142857143,44,-0.030343884799743148,-0.1782857077462322,-21.82000000000005,718.97,697.15
2025-02-26,14.479999542236328,14.880000114440918,14.479999542236328,14.670000076293945,75231,48.48057142857143,44,0.020166895656822614,-0.16171428135463062,14.06000000000006,697.15,711.21
2025-02-27,14.640000343322754,14.670000076293945,13.920000076293945,14.0,75034,48.48057142857143,44,-0.04567144327263062,-0.19999999999999896,-32.48000000000002,711.21,678.73
2025-02-28,13.8100004196167,13.8100004196167,13.399999618530273,13.470000267028809,59849,48.48057142857143,44,-0.03785712378365658,-0.2302856990269243,-25.700000000000045,678.73,653.03
2025-03-03,13.399999618530273,13.550000190734863,13.100000381469727,13.119999885559082,69600,48.48057142857143,44,-0.02598369521390731,-0.2502857208251944,-16.959999999999923,653.03,636.07
2025-03-04,13.15999984741211,13.15999984741211,12.529999732971191,12.539999961853027,74084,48.48057142857143,44,-0.04420731164368752,-0.28342857360839757,-28.120000000000005,636.07,607.95
2025-03-05,12.90999984741211,13.859999656677246,12.90999984741211,13.470000267028809,86646,48.48057142857143,44,0.0741627039876287,-0.2302856990269243,45.07999999999993,607.95,653.03
2025-03-06,13.720000267028809,13.890000343322754,13.0,13.4399995803833,137514,48.48057142857143,44,-0.0022272224239625604,-0.23200002397809616,-1.4499999999999318,653.03,651.58
2025-03-07,13.460000038146973,13.579999923706055,13.270000457763672,13.399999618530273,80095,48.48057142857143,44,-0.002976187730794999,-0.2342857360839834,-1.9400000000000546,651.58,649.64
2025-03-10,13.800000190734863,13.890000343322754,13.050000190734863,13.100000381469727,85017,48.48057142857143,44,-0.022388003403051693,-0.25142854963030037,-14.539999999999964,649.64,635.1
2025-03-11,13.1899995803833,13.390000343322754,12.699999809265137,12.819999694824219,50892,48.48057142857143,44,-0.021374097594804353,-0.26742858886718657,-13.580000000000041,635.1,621.52
2025-03-12,13.100000381469727,13.609999656677246,13.079999923706055,13.380000114440918,53881,48.48057142857143,44,0.04368178104113274,-0.23542856488908936,27.149999999999977,621.52,648.67
2025-03-13,13.279999732971191,13.920000076293945,13.239999771118164,13.770000457763672,87240,48.48057142857143,44,0.02914800747287205,-0.21314283098493203,18.910000000000082,648.67,667.58
2025-03-14,13.869999885559082,14.270000457763672,13.800000190734863,13.890000343322754,65155,48.48057142857143,44,0.008714588349299834,-0.20628569466727031,5.819999999999936,667.58,673.4
2025-03-17,13.859999656677246,14.449999809265137,13.859999656677246,14.130000114440918,62023,48.48057142857143,44,0.017278600805329614,-0.19257142203194655,11.629999999999995,673.4,685.03
2025-03-18,14.359999656677246,15.369999885559082,14.359999656677246,14.680000305175781,140175,48.48057142857143,44,0.03892428777638579,-0.16114283970424004,26.660000000000082,685.03,711.69
2025-03-19,13.520000457763672,14.619999885559082,13.100000381469727,14.149999618530273,314615,48.48057142857143,44,-0.036103588258008634,-0.19142859322684047,-25.690000000000055,711.69,686.0
2025-03-20,14.210000038146973,15.1899995803833,13.930000305175781,15.050000190734863,148941,48.48057142857143,44,0.06360428243587979,-0.13999998910086375,43.629999999999995,686.0,729.63
2025-03-21,15.319999694824219,15.579999923706055,14.680000305175781,15.289999961853027,169240,48.48057142857143,44,0.015946828443624383,-0.1262857164655401,11.639999999999986,729.63,741.27
2025-03-24,15.289999961853027,15.289999961853027,15.289999961853027,15.289999961853027,0,48.48057142857143,44,0.0,-0.1262857164655401,0.0,741.27,741.27
2025-03-25,15.5,15.609999656677246,14.949999809265137,15.289999961853027,98328,48.48057142857143,44,0.0,-0.1262857164655401,0.0,741.27,741.27
2025-03-26,15.380000114440918,15.5600004196167,15.15999984741211,15.15999984741211,68281,48.48057142857143,44,-0.008502296583731472,-0.1337142944335925,-6.2999999999999545,741.27,734.97
2025-03-27,15.050000190734863,15.140000343322754,14.739999771118164,14.75,62419,48.48057142857143,44,-0.027044845088313063,-0.15714285714285603,-19.879999999999995,734.97,715.09
2025-03-28,14.640000343322754,14.640000343322754,13.390000343322754,13.390000343322754,60210,48.48057142857143,44,-0.09220336655438954,-0.23485712323869878,-65.94000000000005,715.09,649.15
2025-03-31,13.100000381469727,13.380000114440918,12.550000190734863,12.59000015258789,129693,48.48057142857143,44,-0.05974609187622637,-0.28057141985211964,-38.77999999999997,649.15,610.37
2025-04-01,12.75,13.670000076293945,12.75,13.670000076293945,66857,48.48057142857143,44,0.08578235985835625,-0.2188571384974879,52.360000000000014,610.37,662.73
2025-04-02,13.699999809265137,13.979999542236328,13.5,13.9399995803833,55508,48.48057142857143,44,0.019751243788036277,-0.20342859540666747,13.090000000000032,662.73,675.82
2025-04-03,13.210000038146973,13.869999885559082,13.210000038146973,13.710000038146973,88312,48.48057142857143,44,-0.016499250298399493,-0.21657142639160054,-11.150000000000091,675.82,664.67
2025-04-04,13.609999656677246,13.699999809265137,12.1899995803833,12.3100004196167,125959,48.48057142857143,44,-0.10211521623886854,-0.29657140459333065,-67.87,664.67,596.8
2025-04-07,11.069999694824219,13.050000190734863,11.050000190734863,12.329999923706055,210842,48.48057142857143,44,0.0016246550290515138,-0.29542857578822457,0.9700000000000273,596.8,597.77
2025-04-08,12.5,12.930000305175781,12.039999961853027,12.680000305175781,190270,48.48057142857143,44,0.0283860813978436,-0.27542855398995447,16.960000000000036,597.77,614.73
2025-04-09,12.3100004196167,12.640000343322754,12.260000228881836,12.579999923706055,83950,48.48057142857143,44,-0.007886465225786177,-0.28114286150251033,-4.840000000000032,614.73,609.89
2025-04-10,13.59000015258789,13.779999732971191,12.930000305175781,13.0,75460,48.48057142857143,44,0.033386333771154186,-0.25714285714285634,20.360000000000014,609.89,630.25
2025-04-11,13.199999809265137,13.40999984741211,13.079999923706055,13.100000381469727,65195,48.48057142857143,44,0.0076923370361328125,-0.2514285496303005,4.850000000000023,630.25,635.1
2025-04-14,13.460000038146973,13.630000114440918,13.270000457763672,13.5,50700,48.48057142857143,44,0.030534321136057585,-0.22857142857142765,19.389999999999986,635.1,654.49
2025-04-15,13.5,13.5,13.5,13.5,0,48.48057142857143,44,0.0,-0.22857142857142765,0.0,654.49,654.49
2025-04-16,15.149999618530273,15.5,14.9399995803833,15.300000190734863,109354,48.48057142857143,44,0.13333334746184167,-0.12571427481514963,87.25999999999999,654.49,741.75
2025-04-17,15.300000190734863,15.539999961853027,15.09000015258789,15.1899995803833,72895,48.48057142857143,44,-0.007189582286291407,-0.13200002397809607,-5.330000000000041,741.75,736.42
2025-04-22,15.300000190734863,15.460000038146973,14.859999656677246,14.970000267028809,70601,48.48057142857143,44,-0.014483167836199518,-0.14457141331263845,-10.669999999999959,736.42,725.75
2025-04-23,15.800000190734863,16.40999984741211,15.789999961853027,16.200000762939453,124001,48.48057142857143,44,0.08216436031866348,-0.07428567068917302,59.639999999999986,725.75,785.39
2025-04-24,16.299999237060547,17.520000457763672,16.139999389648438,17.209999084472656,170391,48.48057142857143,44,0.06234557246711758,-0.01657148088727567,48.960000000000036,785.39,834.35
2025-04-25,17.100000381469727,17.350000381469727,17.0,17.1299991607666,73751,48.48057142857143,44,-0.0046484560117282525,-0.021142905099050258,-3.8799999999999955,834.35,830.47
2025-04-28,17.0,17.260000228881836,16.799999237060547,16.84000015258789,69105,48.48057142857143,44,-0.01692930661916814,-0.03771427699497665,-14.06000000000006,830.47,816.41
2025-04-29,16.84000015258789,16.84000015258789,16.84000015258789,16.84000015258789,0,48.48057142857143,44,0.0,-0.03771427699497665,0.0,816.41,816.41
2025-04-30,17.079999923706055,17.079999923706055,15.989999771118164,16.280000686645508,76195,48.48057142857143,44,-0.033254124754644065,-0.06971424647739854,-27.149999999999977,816.41,789.26
2025-05-02,16.469999313354492,16.8700008392334,16.299999237060547,16.739999771118164,47278,48.48057142857143,44,0.028255470827467155,-0.0434285845075324,22.299999999999955,789.26,811.56
2025-05-05,16.799999237060547,16.90999984741211,16.350000381469727,16.40999984741211,43610,48.48057142857143,44,-0.019713257360696623,-0.06228572300502122,-15.989999999999895,811.56,795.57
2025-05-06,16.530000686645508,16.559999465942383,15.869999885559082,16.209999084472656,51953,48.48057142857143,44,-0.012187737038339641,-0.07371433803013283,-9.700000000000045,795.57,785.87
2025-05-07,16.299999237060547,16.540000915527344,16.149999618530273,16.5,29811,48.48057142857143,44,0.017890248729571567,-0.05714285714285605,14.059999999999945,785.87,799.93
2025-05-08,16.579999923706055,17.219999313354492,16.489999771118164,16.729999542236328,71983,48.48057142857143,44,0.013939366196141112,-0.04400002615792298,11.150000000000091,799.93,811.08
2025-05-09,16.860000610351562,17.219999313354492,16.860000610351562,17.010000228881836,68596,48.48057142857143,44,0.016736443174348192,-0.027999986921036668,13.569999999999936,811.08,824.65
2025-05-12,17.06999969482422,17.450000762939453,16.860000610351562,16.889999389648438,103181,48.48057142857143,44,-0.007054722964062399,-0.0348571777343738,-5.809999999999945,824.65,818.84
2025-05-13,16.8700008392334,17.229999542236328,16.510000228881836,16.860000610351562,71507,48.48057142857143,44,-0.0017761267247445867,-0.03657139369419515,-1.4600000000000364,818.84,817.38
2025-05-14,16.860000610351562,16.860000610351562,16.860000610351562,16.860000610351562,0,48.48057142857143,44,0.0,-0.03657139369419515,0.0,817.38,817.38
2025-05-15,16.8799991607666,17.510000228881836,16.420000076293945,16.549999237060547,104657,48.48057142857143,44,-0.0183867949032388,-0.054285757882253205,-15.029999999999973,817.38,802.35
2025-05-16,16.549999237060547,16.719999313354492,15.970000267028809,16.040000915527344,68099,48.48057142857143,44,-0.030815609972425828,-0.08342851911272198,-24.720000000000027,802.35,777.63
2025-05-19,16.0,16.350000381469727,15.960000038146973,16.270000457763672,45127,48.48057142857143,44,0.01433912276237348,-0.07028568812778879,11.149999999999977,777.63,788.78
2025-05-20,16.459999084472656,16.920000076293945,15.84000015258789,15.84000015258789,51801,48.48057142857143,44,-0.026429028462048643,-0.09485713413783348,-20.850000000000023,788.78,767.93
2025-05-21,15.850000381469727,16.399999618530273,15.819999694824219,16.170000076293945,49397,48.48057142857143,44,0.02083332831610729,-0.07599999564034465,16.0,767.93,783.93
2025-05-22,16.049999237060547,16.200000762939453,15.710000038146973,16.040000915527344,36015,48.48057142857143,44,-0.008039527529575374,-0.08342851911272187,-6.2999999999999545,783.93,777.63
2025-05-23,17.110000610351562,18.079999923706055,16.969999313354492,17.06999969482422,260682,48.48057142857143,44,0.06421438407149949,-0.02457144601004313,49.92999999999995,777.63,827.56
2025-05-26,17.700000762939453,17.969999313354492,17.280000686645508,17.440000534057617,80025,48.48057142857143,44,0.021675503564630105,-0.003428540910991873,17.940000000000055,827.56,845.5
2025-05-27,17.469999313354492,17.700000762939453,17.1200008392334,17.469999313354492,81792,48.48057142857143,44,0.001720113439118931,-0.0017143249511705205,1.4600000000000364,845.5,846.96
2025-05-28,17.469999313354492,17.600000381469727,17.280000686645508,17.280000686645508,58134,48.48057142857143,44,-0.01087570888246947,-0.012571389334541161,-9.220000000000027,846.96,837.74
2025-05-29,17.399999618530273,18.0,17.280000686645508,17.3700008392334,42318,48.48057142857143,44,0.005208341956690177,-0.007428523472375992,4.3700000000000045,837.74,842.11
2025-05-30,17.5,17.5,16.959999084472656,17.0,43245,48.48057142857143,44,-0.02130114112589343,-0.02857142857142736,-17.940000000000055,842.11,824.17
2025-06-02,16.899999618530273,17.020000457763672,16.520000457763672,16.709999084472656,66758,48.48057142857143,44,-0.01705887738396139,-0.04514290945870414,-14.059999999999945,824.17,810.11
2025-06-03,16.829999923706055,17.170000076293945,16.690000534057617,17.06999969482422,43236,48.48057142857143,44,0.021544023343848195,-0.024571446010043463,17.449999999999932,810.11,827.56
2025-06-04,17.190000534057617,18.0,17.190000534057617,17.850000381469727,94112,48.48057142857143,44,0.04569424139368983,0.020000021798271428,37.82000000000005,827.56,865.38
2025-06-05,17.770000457763672,18.100000381469727,17.600000381469727,17.649999618530273,46551,48.48057142857143,44,-0.011204524294972873,0.008571406773159929,-9.700000000000045,865.38,855.68
2025-06-06,17.65999984741211,17.799999237060547,17.6200008392334,17.709999084472656,31970,48.48057142857143,44,0.0033994032430113563,0.011999947684153245,2.910000000000082,855.68,858.59
2025-06-09,17.709999084472656,17.709999084472656,17.709999084472656,17.709999084472656,0,48.48057142857143,44,0.0,0.011999947684153245,0.0,858.59,858.59
2025-06-10,17.940000534057617,17.950000762939453,17.6200008392334,17.809999465942383,34340,48.48057142857143,44,0.005646549217351637,0.017714255196709106,4.850000000000023,858.59,863.44
2025-06-11,17.940000534057617,18.6299991607666,17.84000015258789,18.18000030517578,69592,48.48057142857143,44,0.020774893336798828,0.03885716029576036,17.93999999999994,863.44,881.38
2025-06-12,18.09000015258789,18.229999542236328,17.940000534057617,18.049999237060547,28710,48.48057142857143,44,-0.007150773703684887,0.03142852783203276,-6.309999999999945,881.38,875.07
2025-06-13,17.670000076293945,18.280000686645508,17.530000686645508,18.110000610351562,52290,48.48057142857143,44,0.003324175946103125,0.034857177734376465,2.909999999999968,875.07,877.98
2025-06-16,18.6200008392334,19.40999984741211,18.450000762939453,19.299999237060547,88667,48.48057142857143,44,0.065709474688189,0.10285709926060416,57.68999999999994,877.98,935.67
2025-06-17,19.15999984741211,19.190000534057617,18.760000228881836,18.979999542236328,59341,48.48057142857143,44,-0.016580295724040406,0.08457140241350602,-15.509999999999991,935.67,920.16
2025-06-18,18.959999084472656,18.979999542236328,18.200000762939453,18.510000228881836,40520,48.48057142857143,44,-0.024762872744469755,0.0577142987932493,-22.779999999999973,920.16,897.38
2025-06-19,18.290000915527344,18.5,17.979999542236328,18.420000076293945,37710,48.48057142857143,44,-0.004862244812264271,0.05257143293108402,-4.3700000000000045,897.38,893.01
2025-06-20,18.639999389648438,19.09000015258789,18.530000686645508,18.6200008392334,54177,48.48057142857143,44,0.010857804674867966,0.06400004795619552,9.700000000000045,893.01,902.71
2025-06-23,18.579999923706055,18.889999389648438,18.450000762939453,18.709999084472656,43853,48.48057142857143,44,0.004833417893818082,0.06914280482701018,4.360000000000014,902.71,907.07
2025-06-24,19.06999969482422,19.350000381469727,18.920000076293945,19.239999771118164,35254,48.48057142857143,44,0.028327135894162137,0.09942855834961062,25.699999999999932,907.07,932.77
2025-06-25,19.5,19.68000030517578,19.059999465942383,19.299999237060547,47606,48.48057142857143,44,0.003118475397928533,0.10285709926060393,2.8999999999999773,932.77,935.67
2025-06-26,19.170000076293945,19.729999542236328,19.110000610351562,19.5,46802,48.48057142857143,44,0.010362734240704219,0.11428571428571543,9.700000000000045,935.67,945.37
2025-06-27,19.760000228881836,20.100000381469727,19.530000686645508,20.100000381469727,63755,48.48057142857143,44,0.030769250331780906,0.1485714503697,29.090000000000032,945.37,974.46
2025-06-30,20.399999618530273,20.479999542236328,19.850000381469727,20.059999465942383,56510,48.48057142857143,44,-0.00199009526209859,0.14628568376813744,-1.9400000000000546,974.46,972.52
2025-07-01,20.100000381469727,20.200000762939453,19.690000534057617,19.920000076293945,87721,48.48057142857143,44,-0.0069790325710689105,0.13828571864536965,-6.789999999999964,972.52,965.73
2025-07-02,19.920000076293945,21.239999771118164,19.790000915527344,21.079999923706055,80006,48.48057142857143,44,0.058232923843839934,0.204571424211776,56.24000000000001,965.73,1021.97
2025-07-03,21.280000686645508,21.440000534057617,20.5,21.399999618530273,107539,48.48057142857143,44,0.015180251232560726,0.22285712105887412,15.509999999999991,1021.97,1037.48
2025-07-04,21.239999771118164,21.31999969482422,20.6200008392334,21.020000457763672,68398,48.48057142857143,44,-0.017756970445810705,0.20114288330078245,-18.420000000000073,1037.48,1019.06
2025-07-07,20.959999084472656,21.420000076293945,20.920000076293945,21.020000457763672,50330,48.48057142857143,44,0.0,0.20114288330078245,0.0,1019.06,1019.06
2025-07-08,21.15999984741211,21.15999984741211,20.139999389648438,20.65999984741211,69634,48.48057142857143,44,-0.0171265748102587,0.18057141985212177,-17.449999999999932,1019.06,1001.61
2025-07-09,20.65999984741211,21.399999618530273,20.260000228881836,21.239999771118164,66956,48.48057142857143,44,0.02807356863454702,0.21371427263532494,28.120000000000005,1001.61,1029.73
2025-07-10,21.3799991607666,21.8799991607666,21.040000915527344,21.579999923706055,60402,48.48057142857143,44,0.016007540313169866,0.23314285278320446,16.480000000000018,1029.73,1046.21
2025-07-11,21.420000076293945,21.440000534057617,21.100000381469727,21.399999618530273,44172,48.48057142857143,44,-0.008341070704919074,0.22285712105887412,-8.730000000000018,1046.21,1037.48
2025-07-14,20.959999084472656,21.200000762939453,20.780000686645508,21.0,33201,48.48057142857143,44,-0.018691571292548725,0.2000000000000013,-19.389999999999986,1037.48,1018.09
2025-07-15,20.860000610351562,21.280000686645508,20.799999237060547,21.18000030517578,31867,48.48057142857143,44,0.008571443103608578,0.21028573172433163,8.729999999999905,1018.09,1026.82
2025-07-16,21.18000030517578,21.18000030517578,21.18000030517578,21.18000030517578,0,48.48057142857143,44,0.0,0.21028573172433163,0.0,1026.82,1026.82
2025-07-17,21.0,21.579999923706055,20.899999618530273,21.520000457763672,39101,48.48057142857143,44,0.016052887048580766,0.22971431187221114,16.480000000000018,1026.82,1043.3
2025-07-18,21.360000610351562,22.260000228881836,21.219999313354492,22.139999389648438,129264,48.48057142857143,44,0.02881035867548465,0.26514282226562624,30.059999999999945,1043.3,1073.36
2025-07-21,22.139999389648438,22.5,22.079999923706055,22.260000228881836,88750,48.48057142857143,44,0.00542009225571638,0.27200001307896327,5.820000000000164,1073.36,1079.18
2025-07-22,22.100000381469727,22.100000381469727,21.579999923706055,21.81999969482422,56076,48.48057142857143,44,-0.019766420913452043,0.2468571254185279,-21.330000000000155,1079.18,1057.85
2025-07-23,21.81999969482422,21.81999969482422,21.81999969482422,21.81999969482422,0,48.48057142857143,44,0.0,0.2468571254185279,0.0,1057.85,1057.85
2025-07-24,21.84000015258789,22.0,21.360000610351562,21.799999237060547,93653,48.48057142857143,44,-0.0009166112760494727,0.24571424211774673,-0.9699999999997999,1057.85,1056.88
2025-07-25,21.639999389648438,22.260000228881836,21.639999389648438,22.079999923706055,24622,48.48057142857143,44,0.012844068644254802,0.2617142813546329,13.569999999999936,1056.88,1070.45
2025-07-28,22.31999969482422,22.639999389648438,21.719999313354492,21.84000015258789,42187,48.48057142857143,44,-0.01086955488892416,0.24800000871930927,-11.63000000000011,1070.45,1058.82
2025-07-29,21.920000076293945,22.0,21.18000030517578,21.34000015258789,82575,48.48057142857143,44,-0.022893772733822648,0.2194285801478808,-24.24000000000001,1058.82,1034.58
2025-07-30,21.18000030517578,21.860000610351562,21.18000030517578,21.65999984741211,47773,48.48057142857143,44,0.014995299556519015,0.23771427699497893,15.509999999999991,1034.58,1050.09
2025-07-31,21.600000381469727,21.920000076293945,21.15999984741211,21.280000686645508,60535,48.48057142857143,44,-0.01754382102694263,0.21600003923688726,-18.419999999999845,1050.09,1031.67
2025-08-01,20.959999084472656,21.15999984741211,20.280000686645508,20.479999542236328,86197,48.48057142857143,44,-0.03759403752797941,0.1702856881277912,-38.79000000000008,1031.67,992.88
2025-08-04,20.3799991607666,20.739999771118164,20.239999771118164,20.520000457763672,46484,48.48057142857143,44,0.0019531697471404375,0.17257145472935376,1.9400000000000546,992.88,994.82
2025-08-05,20.65999984741211,21.059999465942383,20.65999984741211,21.0,50342,48.48057142857143,44,0.02339179003549785,0.20000000000000107,23.269999999999982,994.82,1018.09
2025-08-06,21.040000915527344,21.1200008392334,19.989999771118164,20.1200008392334,65654,48.48057142857143,44,-0.04190472194126671,0.14971433367048093,-42.66000000000008,1018.09,975.43
2025-08-07,20.219999313354492,20.739999771118164,20.219999313354492,20.579999923706055,41563,48.48057142857143,44,0.022862776604644752,0.17599999564034707,22.300000000000068,975.43,997.73
2025-08-08,20.65999984741211,21.020000457763672,20.65999984741211,21.020000457763672,18171,48.48057142857143,44,0.021380006593235246,0.20114288330078223,21.329999999999927,997.73,1019.06
2025-08-11,21.1200008392334,21.440000534057617,21.100000381469727,21.100000381469727,58154,48.48057142857143,44,0.003805895431201467,0.20571430751255693,3.880000000000109,1019.06,1022.94
2025-08-12,21.059999465942383,21.059999465942383,20.780000686645508,20.899999618530273,38286,48.48057142857143,44,-0.009478708972683103,0.1942856924874452,-9.700000000000045,1022.94,1013.24
2025-08-13,19.0,22.559999465942383,18.649999618530273,22.18000030517578,446114,48.48057142857143,44,0.06124405311044301,0.26742858886718857,62.059999999999945,1013.24,1075.3
2025-08-14,22.540000915527344,25.15999984741211,22.540000915527344,24.540000915527344,426716,48.48057142857143,44,0.10640219016592378,0.40228576660156357,114.41000000000008,1075.3,1189.71
2025-08-15,24.540000915527344,24.6200008392334,23.979999542236328,23.979999542236328,79699,48.48057142857143,44,-0.02281994101054341,0.37028568812779117,-27.15000000000009,1189.71,1162.56
2025-08-18,23.81999969482422,24.280000686645508,23.81999969482422,24.059999465942383,66937,48.48057142857143,44,0.00333611030997516,0.37485711233956565,3.880000000000109,1162.56,1166.44
2025-08-19,23.979999542236328,24.139999389648438,23.899999618530273,24.0,39147,48.48057142857143,44,-0.0024937434444798345,0.37142857142857233,-2.910000000000082,1166.44,1163.53
2025-08-20,23.81999969482422,24.34000015258789,23.65999984741211,24.200000762939453,27714,48.48057142857143,44,0.008333365122477288,0.38285718645368405,9.700000000000045,1163.53,1173.23
2025-08-21,24.3799991607666,25.15999984741211,24.079999923706055,24.979999542236328,83061,48.48057142857143,44,0.03223135350026052,0.42742854527064833,37.809999999999945,1173.23,1211.04
2025-08-22,24.959999084472656,25.399999618530273,24.959999084472656,25.260000228881836,72380,48.48057142857143,44,0.0112089948669567,0.44342858450753453,13.579999999999927,1211.04,1224.62
2025-08-25,25.1200008392334,25.219999313354492,24.739999771118164,25.0,38866,48.48057142857143,44,-0.010292962253601101,0.4285714285714297,-12.6099999999999,1224.62,1212.01
2025-08-26,25.100000381469727,25.799999237060547,25.020000457763672,25.5,63111,48.48057142857143,44,0.020000000000000018,0.4571428571428584,24.24000000000001,1212.01,1236.25
2025-08-27,25.600000381469727,25.600000381469727,25.360000610351562,25.420000076293945,43733,48.48057142857143,44,-0.0031372519100413276,0.45257143293108393,-3.869999999999891,1236.25,1232.38
2025-08-28,25.600000381469727,25.979999542236328,25.579999923706055,25.739999771118164,38774,48.48057142857143,44,0.012588500938780278,0.4708571297781823,15.509999999999991,1232.38,1247.89
2025-08-29,25.739999771118164,25.739999771118164,25.739999771118164,25.739999771118164,0,48.48057142857143,44,0.0,0.4708571297781823,0.0,1247.89,1247.89
2025-09-01,26.299999237060547,27.15999984741211,26.18000030517578,26.65999984741211,87069,48.48057142857143,44,0.03574203902387918,0.523428562709265,44.59999999999991,1247.89,1292.49
2025-09-02,26.6200008392334,26.760000228881836,24.940000534057617,25.760000228881836,125450,48.48057142857143,44,-0.03375842549442609,0.47200001307896366,-43.63000000000011,1292.49,1248.86
2025-09-03,26.600000381469727,29.780000686645508,26.600000381469727,29.780000686645508,359264,48.48057142857143,44,0.15605591700486432,0.7017143249511737,194.8900000000001,1248.86,1443.75
2025-09-04,29.559999465942383,30.34000015258789,29.139999389648438,29.239999771118164,175555,48.48057142857143,44,-0.018133005476037467,0.6708571297781827,-26.180000000000064,1443.75,1417.57
2025-09-05,29.280000686645508,29.84000015258789,29.139999389648438,29.579999923706055,100596,48.48057142857143,44,0.01162791228622817,0.6902857099260624,16.49000000000001,1417.57,1434.06
2025-09-08,29.799999237060547,30.479999542236328,29.520000457763672,30.139999389648438,131966,48.48057142857143,44,0.018931692609423845,0.7222856794084844,27.1400000000001,1434.06,1461.2
2025-09-09,30.559999465942383,31.0,29.079999923706055,29.1200008392334,134167,48.48057142857143,44,-0.03384202292868521,0.6640000479561963,-49.450000000000045,1461.2,1411.75
2025-09-10,29.1200008392334,29.1200008392334,29.1200008392334,29.1200008392334,0,48.48057142857143,44,0.0,0.6640000479561963,0.0,1411.75,1411.75
2025-09-11,28.0,28.479999542236328,27.68000030517578,27.8799991607666,61581,48.48057142857143,44,-0.042582473994854486,0.5931428091866648,-60.1099999999999,1411.75,1351.64
2025-09-12,27.760000228881836,28.100000381469727,27.200000762939453,27.260000228881836,49640,48.48057142857143,44,-0.022238125916346663,0.5577142987932495,-30.060000000000173,1351.64,1321.58
2025-09-15,27.459999084472656,28.1200008392334,27.399999618530273,27.579999923706055,45414,48.48057142857143,44,0.011738800151776196,0.5759999956403477,15.509999999999991,1321.58,1337.09
2025-09-16,27.65999984741211,27.8799991607666,26.780000686645508,27.020000457763672,51247,48.48057142857143,44,-0.020304549220141244,0.5440000261579259,-27.139999999999873,1337.09,1309.95
2025-09-17,25.68000030517578,26.280000686645508,25.399999618530273,26.059999465942383,174179,48.48057142857143,44,-0.03552927370678305,0.48914282662528064,-46.549999999999955,1309.95,1263.4
2025-09-18,26.399999618530273,27.239999771118164,26.399999618530273,27.040000915527344,78839,48.48057142857143,44,0.03760558210546838,0.5451429094587068,47.50999999999999,1263.4,1310.91
2025-09-19,26.979999542236328,27.299999237060547,26.899999618530273,27.200000762939453,72785,48.48057142857143,44,0.005917153919925866,0.554285757882256,7.759999999999991,1310.91,1318.67
2025-09-22,27.200000762939453,27.200000762939453,27.200000762939453,27.200000762939453,0,48.48057142857143,44,0.0,0.554285757882256,0.0,1318.67,1318.67
2025-09-23,27.860000610351562,28.280000686645508,26.920000076293945,27.020000457763672,41230,48.48057142857143,44,-0.0066176580929010465,0.5440000261579256,-8.720000000000027,1318.67,1309.95
2025-09-24,27.0,27.399999618530273,26.700000762939453,26.81999969482422,22095,48.48057142857143,44,-0.007401952611069906,0.5325714111328139,-9.700000000000045,1309.95,1300.25
2025-09-25,26.81999969482422,26.8799991607666,26.540000915527344,26.8799991607666,24447,48.48057142857143,44,0.002237116578116982,0.5359999520438072,2.910000000000082,1300.25,1303.16
2025-09-26,26.639999389648438,27.440000534057617,26.559999465942383,27.100000381469727,63369,48.48057142857143,44,0.008184569478120851,0.5485714503697001,10.659999999999854,1303.16,1313.82
2025-09-29,27.260000228881836,27.639999389648438,26.8799991607666,27.18000030517578,35654,48.48057142857143,44,0.0029520266634666115,0.5531428745814746,3.880000000000109,1313.82,1317.7
2025-09-30,27.18000030517578,27.18000030517578,27.18000030517578,27.18000030517578,0,48.48057142857143,44,0.0,0.5531428745814746,0.0,1317.7,1317.7
2025-10-01,27.139999389648438,27.18000030517578,26.799999237060547,26.899999618530273,19563,48.48057142857143,44,-0.010301717568126256,0.5371428353445884,-13.569999999999936,1317.7,1304.13
2025-10-02,27.15999984741211,28.84000015258789,27.040000915527344,28.84000015258789,54090,48.48057142857143,44,0.07211897998397121,0.6480000087193096,94.04999999999995,1304.13,1398.18
2025-10-03,29.0,29.420000076293945,28.81999969482422,29.040000915527344,91899,48.48057142857143,44,0.006934839177575647,0.6594286237444213,9.700000000000045,1398.18,1407.88
2025-10-06,29.040000915527344,29.040000915527344,29.040000915527344,29.040000915527344,0,48.48057142857143,44,0.0,0.6594286237444213,0.0,1407.88,1407.88
2025-10-07,29.479999542236328,29.899999618530273,29.100000381469727,29.479999542236328,61390,48.48057142857143,44,0.01515146738420814,0.6845714024135063,21.329999999999927,1407.88,1429.21
2025-10-08,29.5,29.600000381469727,28.81999969482422,29.600000381469727,0,48.48057142857143,44,0.004070584840460079,0.6914285932268434,5.809999999999945,1429.21,1435.02
2025-10-09,29.600000381469727,29.600000381469727,29.600000381469727,29.600000381469727,0,48.48057142857143,44,0.0,0.6914285932268434,0.0,1435.02,1435.02
2025-10-10,29.059999465942383,29.200000762939453,27.559999465942383,27.559999465942383,52074,48.48057142857143,44,-0.06891894896070438,0.5748571123395665,-98.90000000000009,1435.02,1336.12
